Crazyflie name,QTM packet timestamp (s),QTM_x (m),QTM_y (m),QTM_z (m),cf_yaw (°),QTM_vx (m/s),QTM_vy (m/s),QTM_vz (m/s),x_g (m),y_g (m),z_g (m),yaw_g (°),roll_c (°),pitch_c (°),yaw_rate_c (°/s),thrust_c (PWM)
cf1_sim,9.459999999999887,0.0,0.0,0.4,0.0,0.0,0.0,0.0,1,1,0.4,0.0,0.0,0.0,0,38000
cf1_sim,9.479999999999887,0.0,0.0,0.4,0.0,0.0,0.0,0.0,1,1,0.4,0.0,0.0,0.0,0,38000
cf1_sim,9.499999999999886,0.0,0.0,0.4,0.0,0.0,0.0,0.0,1,1,0.4,0.0,0.0,0.0,0,38000
cf1_sim,9.519999999999886,0.0,0.0,0.4,0.0,0.0,0.0,0.0,1,1,0.4,0.0,0.0,0.0,0,38000
cf1_sim,9.539999999999885,0.0,0.0,0.4,0.0,0.0,0.0,0.0,1,1,0.4,0.0,0.0,0.0,0,38000
cf1_sim,9.559999999999885,0.0,0.0,0.4,0.0,0.0,0.0,0.0,1,1,0.4,0.0,0.0,0.0,0,38000
cf1_sim,9.579999999999885,0.0,0.0,0.4,0.0,0.0,0.0,0.0,1,1,0.4,0.0,0.0,0.0,0,38000
cf1_sim,9.599999999999884,0.0,0.0,0.4,0.0,0.0,0.0,0.0,1,1,0.4,0.0,0.0,0.0,0,38000
cf1_sim,9.619999999999884,0.0,0.0,0.4,0.0,0.0,0.0,0.0,1,1,0.4,0.0,0.0,0.0,0,38000
cf1_sim,9.639999999999883,0.0,0.0,0.4,0.0,0.0,0.0,0.0,1,1,0.4,0.0,0.0,0.0,0,38000
cf1_sim,9.659999999999883,0.0,0.0,0.4,0.0,0.0,0.0,0.0,1,1,0.4,0.0,0.0,0.0,0,38000
cf1_sim,9.679999999999882,0.0,0.0,0.4,0.0,0.0,0.0,0.0,1,1,0.4,0.0,0.0,0.0,0,38000
cf1_sim,9.699999999999882,0.0,0.0,0.4,0.0,0.0,0.0,0.0,1,1,0.4,0.0,0.0,0.0,0,38000
cf1_sim,9.719999999999882,0.0,0.0,0.4,0.0,0.0,0.0,0.0,1,1,0.4,0.0,0.0,0.0,0,38000
cf1_sim,9.739999999999881,0.0,0.0,0.4,0.0,0.0,0.0,0.0,1,1,0.4,0.0,0.0,0.0,0,38000
cf1_sim,9.75999999999988,0.0,0.0,0.4,0.0,0.0,0.0,0.0,1,1,0.4,0.0,0.0,0.0,0,38000
cf1_sim,9.77999999999988,0.0,0.0,0.4,0.0,0.0,0.0,0.0,1,1,0.4,0.0,0.0,0.0,0,38000
cf1_sim,9.79999999999988,0.0,0.0,0.4,0.0,0.0,0.0,0.0,1,1,0.4,0.0,0.0,0.0,0,38000
cf1_sim,9.81999999999988,0.0,0.0,0.4,0.0,0.0,0.0,0.0,1,1,0.4,0.0,0.0,0.0,0,38000
cf1_sim,9.839999999999879,0.0,0.0,0.4,0.0,0.0,0.0,0.0,1,1,0.4,0.0,0.0,0.0,0,38000
cf1_sim,9.859999999999879,0.0,0.0,0.4,0.0,0.0,0.0,0.0,1,1,0.4,0.0,0.0,0.0,0,38000
cf1_sim,9.879999999999878,0.0,0.0,0.4,0.0,0.0,0.0,0.0,1,1,0.4,0.0,0.0,0.0,0,38000
cf1_sim,9.899999999999878,0.0,0.0,0.4,0.0,0.0,0.0,0.0,1,1,0.4,0.0,0.0,0.0,0,38000
cf1_sim,9.919999999999877,0.0,0.0,0.4,0.0,0.0,0.0,0.0,1,1,0.4,0.0,0.0,0.0,0,38000
cf1_sim,9.939999999999877,0.0,0.0,0.4,0.0,0.0,0.0,0.0,1,1,0.4,0.0,0.0,0.0,0,38000
cf1_sim,9.959999999999877,0.0,0.0,0.4,0.0,0.0,0.0,0.0,1,1,0.4,0.0,0.0,0.0,0,38000
cf1_sim,9.979999999999876,0.0,0.0,0.4,0.0,0.0,0.0,0.0,1,1,0.4,0.0,0.0,0.0,0,38000
cf1_sim,9.999999999999876,0.0,0.0,0.4,0.0,0.0,0.0,0.0,1,1,0.4,0.0,0.0,0.0,0,38000
cf1_sim,10.019999999999875,0.0,0.0,0.4,0.0,0.0,0.0,0.0,1,1,0.4,0.0,0.0,0.0,0,38000
cf1_sim,10.039999999999875,0.0,0.0,0.4,0.0,0.0,0.0,0.0,1,1,0.4,0.0,0.0,0.0,0,38000
cf1_sim,10.059999999999874,0.0,0.0,0.4,0.0,0.0,0.0,0.0,1,1,0.4,0.0,0.0,0.0,0,38000
cf1_sim,10.079999999999874,0.0,0.0,0.4,0.0,0.0,0.0,0.0,1,1,0.4,0.0,0.0,0.0,0,38000
cf1_sim,10.099999999999874,0.0,0.0,0.4,0.0,0.0,0.0,0.0,1,1,0.4,0.0,0.0,0.0,0,38000
cf1_sim,10.119999999999873,0.0,0.0,0.4,0.0,0.0,0.0,0.0,1,1,0.4,0.0,0.0,0.0,0,38000
cf1_sim,10.139999999999873,0.0,0.0,0.4,0.0,0.0,0.0,0.0,1,1,0.4,0.0,0.0,0.0,0,38000
cf1_sim,10.159999999999872,0.0,0.0,0.4,0.0,0.0,0.0,0.0,1,1,0.4,0.0,0.0,0.0,0,38000
cf1_sim,10.179999999999872,0.0,0.0,0.4,0.0,0.0,0.0,0.0,1,1,0.4,0.0,0.0,0.0,0,38000
cf1_sim,10.199999999999871,0.0,0.0,0.4,0.0,0.0,0.0,0.0,1,1,0.4,0.0,0.0,0.0,0,38000
cf1_sim,10.219999999999871,0.0,0.0,0.4,0.0,0.0,0.0,0.0,1,1,0.4,0.0,0.0,0.0,0,38000
cf1_sim,10.23999999999987,0.0,0.0,0.4,0.0,0.0,0.0,0.0,1,1,0.4,0.0,0.0,0.0,0,38000
cf1_sim,10.25999999999987,0.0,0.0,0.4,0.0,0.0,0.0,0.0,1,1,0.4,0.0,0.0,0.0,0,38000
cf1_sim,10.27999999999987,0.0,0.0,0.4,0.0,0.0,0.0,0.0,1,1,0.4,0.0,0.0,0.0,0,38000
cf1_sim,10.29999999999987,0.0,0.0,0.4,0.0,0.0,0.0,0.0,1,1,0.4,0.0,0.0,0.0,0,38000
cf1_sim,10.319999999999869,0.0,0.0,0.4,0.0,0.0,0.0,0.0,1,1,0.4,0.0,0.0,0.0,0,38000
cf1_sim,10.339999999999868,0.0,0.0,0.4,0.0,0.0,0.0,0.0,1,1,0.4,0.0,0.0,0.0,0,38000
cf1_sim,10.359999999999868,0.0,0.0,0.4,0.0,0.0,0.0,0.0,1,1,0.4,0.0,0.0,0.0,0,38000
cf1_sim,10.379999999999868,0.0,0.0,0.4,0.0,0.0,0.0,0.0,1,1,0.4,0.0,0.0,0.0,0,38000
cf1_sim,10.399999999999867,0.0,0.0,0.4,0.0,0.0,0.0,0.0,1,1,0.4,0.0,0.0,0.0,0,38000
cf1_sim,10.419999999999867,0.0,0.0,0.4,0.0,0.0,0.0,0.0,1,1,0.4,0.0,0.0,0.0,0,38000
cf1_sim,10.439999999999866,0.0,0.0,0.4,0.0,0.0,0.0,0.0,1,1,0.4,0.0,0.0,0.0,0,38000
cf1_sim,10.459999999999866,0.0,0.0,0.4,0.0,0.0,0.0,0.0,1,1,0.4,0.0,0.0,0.0,0,38000
cf1_sim,10.479999999999865,0.0,0.0,0.4,0.0,0.0,0.0,0.0,1,1,0.4,0.0,0.0,0.0,0,38000
cf1_sim,10.499999999999865,0.0,0.0,0.4,0.0,0.0,0.0,0.0,1,1,0.4,0.0,0.0,0.0,0,38000
cf1_sim,10.519999999999865,0.0,0.0,0.4,0.0,0.0,0.0,0.0,1,1,0.4,0.0,0.0,0.0,0,38000
cf1_sim,10.539999999999864,0.0,0.0,0.4,0.0,0.0,0.0,0.0,1,1,0.4,0.0,0.0,0.0,0,38000
cf1_sim,10.559999999999864,0.0,0.0,0.4,0.0,0.0,0.0,0.0,1,1,0.4,0.0,0.0,0.0,0,38000
cf1_sim,10.579999999999863,0.0,0.0,0.4,0.0,0.0,0.0,0.0,1,1,0.4,0.0,0.0,0.0,0,38000
cf1_sim,10.599999999999863,0.0,0.0,0.4,0.0,0.0,0.0,0.0,1,1,0.4,0.0,0.0,0.0,0,38000
cf1_sim,10.619999999999862,0.0,0.0,0.4,0.0,0.0,0.0,0.0,1,1,0.4,0.0,0.0,0.0,0,38000
cf1_sim,10.639999999999862,0.0,0.0,0.4,0.0,0.0,0.0,0.0,1,1,0.4,0.0,0.0,0.0,0,38000
cf1_sim,10.659999999999862,0.0,0.0,0.4,0.0,0.0,0.0,0.0,1,1,0.4,0.0,0.0,0.0,0,38000
cf1_sim,10.679999999999861,0.0,0.0,0.4,0.0,0.0,0.0,0.0,1,1,0.4,0.0,0.0,0.0,0,38000
cf1_sim,10.69999999999986,0.0,0.0,0.4,0.0,0.0,0.0,0.0,1,1,0.4,0.0,0.0,0.0,0,38000
cf1_sim,10.71999999999986,0.0,0.0,0.4,0.0,0.0,0.0,0.0,1,1,0.4,0.0,0.0,0.0,0,38000
cf1_sim,10.73999999999986,0.0,0.0,0.4,0.0,0.0,0.0,0.0,1,1,0.4,0.0,0.0,0.0,0,38000
cf1_sim,10.75999999999986,0.0,0.0,0.4,0.0,0.0,0.0,0.0,1,1,0.4,0.0,0.0,0.0,0,38000
cf1_sim,10.779999999999859,0.0,0.0,0.4,0.0,0.0,0.0,0.0,1,1,0.4,0.0,0.0,0.0,0,38000
cf1_sim,10.799999999999859,0.0,0.0,0.4,0.0,0.0,0.0,0.0,1,1,0.4,0.0,0.0,0.0,0,38000
cf1_sim,10.819999999999858,0.0,0.0,0.4,0.0,0.0,0.0,0.0,1,1,0.4,0.0,0.0,0.0,0,38000
cf1_sim,10.839999999999858,0.0,0.0,0.4,0.0,0.0,0.0,0.0,1,1,0.4,0.0,0.0,0.0,0,38000
cf1_sim,10.859999999999857,0.0,0.0,0.4,0.0,0.0,0.0,0.0,1,1,0.4,0.0,0.0,0.0,0,38000
cf1_sim,10.879999999999857,0.0,0.0,0.4,0.0,0.0,0.0,0.0,1,1,0.4,0.0,0.0,0.0,0,38000
cf1_sim,10.899999999999856,0.0,0.0,0.4,0.0,0.0,0.0,0.0,1,1,0.4,0.0,0.0,0.0,0,38000
cf1_sim,10.919999999999856,0.0,0.0,0.4,0.0,0.0,0.0,0.0,1,1,0.4,0.0,0.0,0.0,0,38000
cf1_sim,10.939999999999856,0.0,0.0,0.4,0.0,0.0,0.0,0.0,1,1,0.4,0.0,0.0,0.0,0,38000
cf1_sim,10.959999999999855,0.0,0.0,0.4,0.0,0.0,0.0,0.0,1,1,0.4,0.0,0.0,0.0,0,38000
cf1_sim,10.979999999999855,0.0,0.0,0.4,0.0,0.0,0.0,0.0,1,1,0.4,0.0,0.0,0.0,0,38000
cf1_sim,10.999999999999854,0.0,0.0,0.4,0.0,0.0,0.0,0.0,1,1,0.4,0.0,0.0,0.0,0,38000
cf1_sim,11.019999999999854,0.0,0.0,0.4,0.0,0.0,0.0,0.0,1,1,0.4,0.0,0.0,0.0,0,38000
cf1_sim,11.039999999999853,0.0,0.0,0.4,0.0,0.0,0.0,0.0,1,1,0.4,0.0,0.0,0.0,0,38000
cf1_sim,11.059999999999853,0.0,0.0,0.4,0.0,0.0,0.0,0.0,1,1,0.4,0.0,0.0,0.0,0,38000
cf1_sim,11.079999999999853,0.0,0.0,0.4,0.0,0.0,0.0,0.0,1,1,0.4,0.0,0.0,0.0,0,38000
cf1_sim,11.099999999999852,0.0,0.0,0.4,0.0,0.0,0.0,0.0,1,1,0.4,0.0,0.0,0.0,0,38000
cf1_sim,11.119999999999852,0.0,0.0,0.4,0.0,0.0,0.0,0.0,1,1,0.4,0.0,0.0,0.0,0,38000
cf1_sim,11.139999999999851,0.0,0.0,0.4,0.0,0.0,0.0,0.0,1,1,0.4,0.0,0.0,0.0,0,38000
cf1_sim,11.159999999999851,0.0,0.0,0.4,0.0,0.0,0.0,0.0,1,1,0.4,0.0,0.0,0.0,0,38000
cf1_sim,11.17999999999985,0.0,0.0,0.4,0.0,0.0,0.0,0.0,1,1,0.4,0.0,0.0,0.0,0,38000
cf1_sim,11.19999999999985,0.0,0.0,0.4,0.0,0.0,0.0,0.0,1,1,0.4,0.0,0.0,0.0,0,38000
cf1_sim,11.21999999999985,0.0,0.0,0.4,0.0,0.0,0.0,0.0,1,1,0.4,0.0,0.0,0.0,0,38000
cf1_sim,11.23999999999985,0.0,0.0,0.4,0.0,0.0,0.0,0.0,1,1,0.4,0.0,0.0,0.0,0,38000
cf1_sim,11.259999999999849,0.0,0.0,0.4,0.0,0.0,0.0,0.0,1,1,0.4,0.0,0.0,0.0,0,38000
cf1_sim,11.279999999999848,0.0,0.0,0.4,0.0,0.0,0.0,0.0,1,1,0.4,0.0,0.0,0.0,0,38000
cf1_sim,11.299999999999848,0.0,0.0,0.4,0.0,0.0,0.0,0.0,1,1,0.4,0.0,0.0,0.0,0,38000
cf1_sim,11.319999999999848,0.0,0.0,0.4,0.0,0.0,0.0,0.0,1,1,0.4,0.0,0.0,0.0,0,38000
cf1_sim,11.339999999999847,0.0,0.0,0.4,0.0,0.0,0.0,0.0,1,1,0.4,0.0,0.0,0.0,0,38000
cf1_sim,11.359999999999847,0.0,0.0,0.4,0.0,0.0,0.0,0.0,1,1,0.4,0.0,0.0,0.0,0,38000
cf1_sim,11.379999999999846,0.0,0.0,0.4,0.0,0.0,0.0,0.0,1,1,0.4,0.0,0.0,0.0,0,38000
cf1_sim,11.399999999999846,0.0,0.0,0.4,0.0,0.0,0.0,0.0,1,1,0.4,0.0,0.0,0.0,0,38000
cf1_sim,11.419999999999845,0.0,0.0,0.4,0.0,0.0,0.0,0.0,1,1,0.4,0.0,0.0,0.0,0,38000
cf1_sim,11.439999999999845,0.0,0.0,0.4,0.0,0.0,0.0,0.0,1,1,0.4,0.0,0.0,0.0,0,38000
cf1_sim,11.459999999999845,0.0,0.0,0.4,0.0,0.0,0.0,0.0,1,1,0.4,0.0,0.0,0.0,0,38000
cf1_sim,11.479999999999844,0.0,0.0,0.4,0.0,0.0,0.0,0.0,1,1,0.4,0.0,0.0,0.0,0,38000
cf1_sim,11.499999999999844,0.0,0.0,0.4,0.0,0.0,0.0,0.0,1,1,0.4,0.0,0.0,0.0,0,38000
cf1_sim,11.519999999999843,0.0,0.0,0.4,0.0,0.0,0.0,0.0,1,1,0.4,0.0,0.0,0.0,0,38000
cf1_sim,11.539999999999843,0.0,0.0,0.4,0.0,0.0,0.0,0.0,1,1,0.4,0.0,0.0,0.0,0,38000
cf1_sim,11.559999999999842,0.0,0.0,0.4,0.0,0.0,0.0,0.0,1,1,0.4,0.0,0.0,0.0,0,38000
cf1_sim,11.579999999999842,0.0,0.0,0.4,0.0,0.0,0.0,0.0,1,1,0.4,0.0,0.0,0.0,0,38000
cf1_sim,11.599999999999842,0.0,0.0,0.4,0.0,0.0,0.0,0.0,1,1,0.4,0.0,0.0,0.0,0,38000
cf1_sim,11.619999999999841,0.0,0.0,0.4,0.0,0.0,0.0,0.0,1,1,0.4,0.0,0.0,0.0,0,38000
cf1_sim,11.63999999999984,0.0,0.0,0.4,0.0,0.0,0.0,0.0,1,1,0.4,0.0,0.0,0.0,0,38000
cf1_sim,11.65999999999984,0.0,0.0,0.4,0.0,0.0,0.0,0.0,1,1,0.4,0.0,0.0,0.0,0,38000
cf1_sim,11.67999999999984,0.0,0.0,0.4,0.0,0.0,0.0,0.0,1,1,0.4,0.0,0.0,0.0,0,38000
cf1_sim,11.69999999999984,0.0,0.0,0.4,0.0,0.0,0.0,0.0,1,1,0.4,0.0,0.0,0.0,0,38000
cf1_sim,11.719999999999839,0.0,0.0,0.4,0.0,0.0,0.0,0.0,1,1,0.4,0.0,0.0,0.0,0,38000
cf1_sim,11.739999999999839,0.0,0.0,0.4,0.0,0.0,0.0,0.0,1,1,0.4,0.0,0.0,0.0,0,38000
cf1_sim,11.759999999999838,0.0,0.0,0.4,0.0,0.0,0.0,0.0,1,1,0.4,0.0,0.0,0.0,0,38000
cf1_sim,11.779999999999838,0.0,0.0,0.4,0.0,0.0,0.0,0.0,1,1,0.4,0.0,0.0,0.0,0,38000
cf1_sim,11.799999999999837,0.0,0.0,0.4,0.0,0.0,0.0,0.0,1,1,0.4,0.0,0.0,0.0,0,38000
cf1_sim,11.819999999999837,0.0,0.0,0.4,0.0,0.0,0.0,0.0,1,1,0.4,0.0,0.0,0.0,0,38000
cf1_sim,11.839999999999836,0.0,0.0,0.4,0.0,0.0,0.0,0.0,1,1,0.4,0.0,0.0,0.0,0,38000
cf1_sim,11.859999999999836,0.0,0.0,0.4,0.0,0.0,0.0,0.0,1,1,0.4,0.0,0.0,0.0,0,38000
cf1_sim,11.879999999999836,0.0,0.0,0.4,0.0,0.0,0.0,0.0,1,1,0.4,0.0,0.0,0.0,0,38000
cf1_sim,11.899999999999835,0.0,0.0,0.4,0.0,0.0,0.0,0.0,1,1,0.4,0.0,0.0,0.0,0,38000
cf1_sim,11.919999999999835,0.0,0.0,0.4,0.0,0.0,0.0,0.0,1,1,0.4,0.0,0.0,0.0,0,38000
cf1_sim,11.939999999999834,0.0,0.0,0.4,0.0,0.0,0.0,0.0,1,1,0.4,0.0,0.0,0.0,0,38000
cf1_sim,11.959999999999834,0.0,0.0,0.4,0.0,0.0,0.0,0.0,1,1,0.4,0.0,0.0,0.0,0,38000
cf1_sim,11.979999999999833,0.0,0.0,0.4,0.0,0.0,0.0,0.0,1,1,0.4,0.0,0.0,0.0,0,38000
cf1_sim,11.999999999999833,0.0,0.0,0.4,0.0,0.0,0.0,0.0,1,1,0.4,0.0,0.0,0.0,0,38000
cf1_sim,12.019999999999833,0.0,0.0,0.4,0.0,0.0,0.0,0.0,1,1,0.4,0.0,0.0,0.0,0,38000
cf1_sim,12.039999999999832,0.0,0.0,0.4,0.0,0.0,0.0,0.0,1,1,0.4,0.0,0.0,0.0,0,38000
cf1_sim,12.059999999999832,0.0,0.0,0.4,0.0,0.0,0.0,0.0,1,1,0.4,0.0,0.0,0.0,0,38000
cf1_sim,12.079999999999831,0.0,0.0,0.4,0.0,0.0,0.0,0.0,1,1,0.4,0.0,0.0,0.0,0,38000
cf1_sim,12.099999999999831,0.0,0.0,0.4,0.0,0.0,0.0,0.0,1,1,0.4,0.0,0.0,0.0,0,38000
cf1_sim,12.11999999999983,0.0,0.0,0.4,0.0,0.0,0.0,0.0,1,1,0.4,0.0,0.0,0.0,0,38000
cf1_sim,12.13999999999983,0.0,0.0,0.4,0.0,0.0,0.0,0.0,1,1,0.4,0.0,0.0,0.0,0,38000
cf1_sim,12.15999999999983,0.0,0.0,0.4,0.0,0.0,0.0,0.0,1,1,0.4,0.0,0.0,0.0,0,38000
cf1_sim,12.17999999999983,0.0,0.0,0.4,0.0,0.0,0.0,0.0,1,1,0.4,0.0,0.0,0.0,0,38000
cf1_sim,12.199999999999829,0.0,0.0,0.4,0.0,0.0,0.0,0.0,1,1,0.4,0.0,0.0,0.0,0,38000
cf1_sim,12.219999999999828,0.0,0.0,0.4,0.0,0.0,0.0,0.0,1,1,0.4,0.0,0.0,0.0,0,38000
cf1_sim,12.239999999999828,0.0,0.0,0.4,0.0,0.0,0.0,0.0,1,1,0.4,0.0,0.0,0.0,0,38000
cf1_sim,12.259999999999827,0.0,0.0,0.4,0.0,0.0,0.0,0.0,1,1,0.4,0.0,0.0,0.0,0,38000
cf1_sim,12.279999999999827,0.0,0.0,0.4,0.0,0.0,0.0,0.0,1,1,0.4,0.0,0.0,0.0,0,38000
cf1_sim,12.299999999999827,0.0,0.0,0.4,0.0,0.0,0.0,0.0,1,1,0.4,0.0,0.0,0.0,0,38000
cf1_sim,12.319999999999826,0.0,0.0,0.4,0.0,0.0,0.0,0.0,1,1,0.4,0.0,0.0,0.0,0,38000
cf1_sim,12.339999999999826,0.0,0.0,0.4,0.0,0.0,0.0,0.0,1,1,0.4,0.0,0.0,0.0,0,38000
cf1_sim,12.359999999999825,0.0,0.0,0.4,0.0,0.0,0.0,0.0,1,1,0.4,0.0,0.0,0.0,0,38000
cf1_sim,12.379999999999825,0.0,0.0,0.4,0.0,0.0,0.0,0.0,1,1,0.4,0.0,0.0,0.0,0,38000
cf1_sim,12.399999999999824,0.0,0.0,0.4,0.0,0.0,0.0,0.0,1,1,0.4,0.0,0.0,0.0,0,38000
cf1_sim,12.419999999999824,0.0,0.0,0.4,0.0,0.0,0.0,0.0,1,1,0.4,0.0,0.0,0.0,0,38000
cf1_sim,12.439999999999824,0.0,0.0,0.4,0.0,0.0,0.0,0.0,1,1,0.4,0.0,0.0,0.0,0,38000
cf1_sim,12.459999999999823,0.0,0.0,0.4,0.0,0.0,0.0,0.0,1,1,0.4,0.0,0.0,0.0,0,38000
cf1_sim,12.479999999999823,0.0,0.0,0.4,0.0,0.0,0.0,0.0,1,1,0.4,0.0,0.0,0.0,0,38000
cf1_sim,12.499999999999822,0.0,0.0,0.4,0.0,0.0,0.0,0.0,1,1,0.4,0.0,0.0,0.0,0,38000
cf1_sim,12.519999999999822,0.0,0.0,0.4,0.0,0.0,0.0,0.0,1,1,0.4,0.0,0.0,0.0,0,38000
cf1_sim,12.539999999999822,0.0,0.0,0.4,0.0,0.0,0.0,0.0,1,1,0.4,0.0,0.0,0.0,0,38000
cf1_sim,12.559999999999821,0.0,0.0,0.4,0.0,0.0,0.0,0.0,1,1,0.4,0.0,0.0,0.0,0,38000
cf1_sim,12.57999999999982,0.0,0.0,0.4,0.0,0.0,0.0,0.0,1,1,0.4,0.0,0.0,0.0,0,38000
cf1_sim,12.59999999999982,0.0,0.0,0.4,0.0,0.0,0.0,0.0,1,1,0.4,0.0,0.0,0.0,0,38000
cf1_sim,12.61999999999982,0.0,0.0,0.4,0.0,0.0,0.0,0.0,1,1,0.4,0.0,0.0,0.0,0,38000
cf1_sim,12.63999999999982,0.0,0.0,0.4,0.0,0.0,0.0,0.0,1,1,0.4,0.0,0.0,0.0,0,38000
cf1_sim,12.659999999999819,0.0,0.0,0.4,0.0,0.0,0.0,0.0,1,1,0.4,0.0,0.0,0.0,0,38000
cf1_sim,12.679999999999819,0.0,0.0,0.4,0.0,0.0,0.0,0.0,1,1,0.4,0.0,0.0,0.0,0,38000
cf1_sim,12.699999999999818,0.0,0.0,0.4,0.0,0.0,0.0,0.0,1,1,0.4,0.0,0.0,0.0,0,38000
cf1_sim,12.719999999999818,0.0,0.0,0.4,0.0,0.0,0.0,0.0,1,1,0.4,0.0,0.0,0.0,0,38000
cf1_sim,12.739999999999817,0.0,0.0,0.4,0.0,0.0,0.0,0.0,1,1,0.4,0.0,0.0,0.0,0,38000
cf1_sim,12.759999999999817,0.0,0.0,0.4,0.0,0.0,0.0,0.0,1,1,0.4,0.0,0.0,0.0,0,38000
cf1_sim,12.779999999999816,0.0,0.0,0.4,0.0,0.0,0.0,0.0,1,1,0.4,0.0,0.0,0.0,0,38000
cf1_sim,12.799999999999816,0.0,0.0,0.4,0.0,0.0,0.0,0.0,1,1,0.4,0.0,0.0,0.0,0,38000
cf1_sim,12.819999999999816,0.0,0.0,0.4,0.0,0.0,0.0,0.0,1,1,0.4,0.0,0.0,0.0,0,38000
cf1_sim,12.839999999999815,0.0,0.0,0.4,0.0,0.0,0.0,0.0,1,1,0.4,0.0,0.0,0.0,0,38000
cf1_sim,12.859999999999815,0.0,0.0,0.4,0.0,0.0,0.0,0.0,1,1,0.4,0.0,0.0,0.0,0,38000
cf1_sim,12.879999999999814,0.0,0.0,0.4,0.0,0.0,0.0,0.0,1,1,0.4,0.0,0.0,0.0,0,38000
cf1_sim,15.119999999999767,0.0,0.0,0.4,0.0,0.0,0.0,0.0,0,0,0.4,0.0,0.0,0.0,0,38000
cf1_sim,15.139999999999766,0.0,0.0,0.4,0.0,0.0,0.0,0.0,0,0,0.4,0.0,0.0,0.0,0,38000
cf1_sim,15.159999999999766,0.0,0.0,0.4,0.0,0.0,0.0,0.0,0,0,0.4,0.0,0.0,0.0,0,38000
cf1_sim,15.179999999999765,0.0,0.0,0.4,0.0,0.0,0.0,0.0,0,0,0.4,0.0,0.0,0.0,0,38000
cf1_sim,15.199999999999765,0.0,0.0,0.4,0.0,0.0,0.0,0.0,0,0,0.4,0.0,0.0,0.0,0,38000
cf1_sim,15.219999999999764,0.0,0.0,0.4,0.0,0.0,0.0,0.0,0,0,0.4,0.0,0.0,0.0,0,38000
cf1_sim,15.239999999999764,0.0,0.0,0.4,0.0,0.0,0.0,0.0,0,0,0.4,0.0,0.0,0.0,0,38000
cf1_sim,15.259999999999764,0.0,0.0,0.4,0.0,0.0,0.0,0.0,0,0,0.4,0.0,0.0,0.0,0,38000
cf1_sim,15.279999999999763,0.0,0.0,0.4,0.0,0.0,0.0,0.0,0,0,0.4,0.0,0.0,0.0,0,38000
cf1_sim,15.299999999999763,0.0,0.0,0.4,0.0,0.0,0.0,0.0,0,0,0.4,0.0,0.0,0.0,0,38000
cf1_sim,15.319999999999762,0.0,0.0,0.4,0.0,0.0,0.0,0.0,0,0,0.4,0.0,0.0,0.0,0,38000
cf1_sim,15.339999999999762,0.0,0.0,0.4,0.0,0.0,0.0,0.0,0,0,0.4,0.0,0.0,0.0,0,38000
cf1_sim,15.359999999999761,0.0,0.0,0.4,0.0,0.0,0.0,0.0,0,0,0.4,0.0,0.0,0.0,0,38000
cf1_sim,15.379999999999761,0.0,0.0,0.4,0.0,0.0,0.0,0.0,0,0,0.4,0.0,0.0,0.0,0,38000
cf1_sim,15.39999999999976,0.0,0.0,0.4,0.0,0.0,0.0,0.0,0,0,0.4,0.0,0.0,0.0,0,38000
cf1_sim,15.41999999999976,0.0,0.0,0.4,0.0,0.0,0.0,0.0,0,0,0.4,0.0,0.0,0.0,0,38000
cf1_sim,15.43999999999976,0.0,0.0,0.4,0.0,0.0,0.0,0.0,0,0,0.4,0.0,0.0,0.0,0,38000
cf1_sim,15.45999999999976,0.0,0.0,0.4,0.0,0.0,0.0,0.0,0,0,0.4,0.0,0.0,0.0,0,38000
cf1_sim,15.479999999999759,0.0,0.0,0.4,0.0,0.0,0.0,0.0,0,0,0.4,0.0,0.0,0.0,0,38000
cf1_sim,15.499999999999758,0.0,0.0,0.4,0.0,0.0,0.0,0.0,0,0,0.4,0.0,0.0,0.0,0,38000
cf1_sim,15.519999999999758,0.0,0.0,0.4,0.0,0.0,0.0,0.0,0,0,0.4,0.0,0.0,0.0,0,38000
cf1_sim,15.539999999999758,0.0,0.0,0.4,0.0,0.0,0.0,0.0,0,0,0.4,0.0,0.0,0.0,0,38000
cf1_sim,15.559999999999757,0.0,0.0,0.4,0.0,0.0,0.0,0.0,0,0,0.4,0.0,0.0,0.0,0,38000
cf1_sim,15.579999999999757,0.0,0.0,0.4,0.0,0.0,0.0,0.0,0,0,0.4,0.0,0.0,0.0,0,38000
cf1_sim,15.599999999999756,0.0,0.0,0.4,0.0,0.0,0.0,0.0,0,0,0.4,0.0,0.0,0.0,0,38000
cf1_sim,15.619999999999756,0.0,0.0,0.4,0.0,0.0,0.0,0.0,0,0,0.4,0.0,0.0,0.0,0,38000
cf1_sim,15.639999999999755,0.0,0.0,0.4,0.0,0.0,0.0,0.0,0,0,0.4,0.0,0.0,0.0,0,38000
cf1_sim,15.659999999999755,0.0,0.0,0.4,0.0,0.0,0.0,0.0,0,0,0.4,0.0,0.0,0.0,0,38000
cf1_sim,15.679999999999755,0.0,0.0,0.4,0.0,0.0,0.0,0.0,0,0,0.4,0.0,0.0,0.0,0,38000
cf1_sim,15.699999999999754,0.0,0.0,0.4,0.0,0.0,0.0,0.0,0,0,0.4,0.0,0.0,0.0,0,38000
cf1_sim,15.719999999999754,0.0,0.0,0.4,0.0,0.0,0.0,0.0,0,0,0.4,0.0,0.0,0.0,0,38000
cf1_sim,15.739999999999753,0.0,0.0,0.4,0.0,0.0,0.0,0.0,0,0,0.4,0.0,0.0,0.0,0,38000
cf1_sim,15.759999999999753,0.0,0.0,0.4,0.0,0.0,0.0,0.0,0,0,0.4,0.0,0.0,0.0,0,38000
cf1_sim,15.779999999999752,0.0,0.0,0.4,0.0,0.0,0.0,0.0,0,0,0.4,0.0,0.0,0.0,0,38000
cf1_sim,15.799999999999752,0.0,0.0,0.4,0.0,0.0,0.0,0.0,0,0,0.4,0.0,0.0,0.0,0,38000
cf1_sim,15.819999999999752,0.0,0.0,0.4,0.0,0.0,0.0,0.0,0,0,0.4,0.0,0.0,0.0,0,38000
cf1_sim,15.839999999999751,0.0,0.0,0.4,0.0,0.0,0.0,0.0,0,0,0.4,0.0,0.0,0.0,0,38000
cf1_sim,15.85999999999975,0.0,0.0,0.4,0.0,0.0,0.0,0.0,0,0,0.4,0.0,0.0,0.0,0,38000
cf1_sim,15.87999999999975,0.0,0.0,0.4,0.0,0.0,0.0,0.0,0,0,0.4,0.0,0.0,0.0,0,38000
cf1_sim,15.89999999999975,0.0,0.0,0.4,0.0,0.0,0.0,0.0,0,0,0.4,0.0,0.0,0.0,0,38000
cf1_sim,15.91999999999975,0.0,0.0,0.4,0.0,0.0,0.0,0.0,0,0,0.4,0.0,0.0,0.0,0,38000
cf1_sim,15.939999999999749,0.0,0.0,0.4,0.0,0.0,0.0,0.0,0,0,0.4,0.0,0.0,0.0,0,38000
cf1_sim,15.959999999999749,0.0,0.0,0.4,0.0,0.0,0.0,0.0,0,0,0.4,0.0,0.0,0.0,0,38000
cf1_sim,15.979999999999748,0.0,0.0,0.4,0.0,0.0,0.0,0.0,0,0,0.4,0.0,0.0,0.0,0,38000
cf1_sim,15.999999999999748,0.0,0.0,0.4,0.0,0.0,0.0,0.0,0,0,0.4,0.0,0.0,0.0,0,38000
cf1_sim,16.019999999999747,0.0,0.0,0.4,0.0,0.0,0.0,0.0,0,0,0.4,0.0,0.0,0.0,0,38000
cf1_sim,16.039999999999747,0.0,0.0,0.4,0.0,0.0,0.0,0.0,0,0,0.4,0.0,0.0,0.0,0,38000
cf1_sim,16.059999999999746,0.0,0.0,0.4,0.0,0.0,0.0,0.0,0,0,0.4,0.0,0.0,0.0,0,38000
cf1_sim,16.079999999999746,0.0,0.0,0.4,0.0,0.0,0.0,0.0,0,0,0.4,0.0,0.0,0.0,0,38000
cf1_sim,16.099999999999746,0.0,0.0,0.4,0.0,0.0,0.0,0.0,0,0,0.4,0.0,0.0,0.0,0,38000
cf1_sim,16.119999999999745,0.0,0.0,0.4,0.0,0.0,0.0,0.0,0,0,0.4,0.0,0.0,0.0,0,38000
cf1_sim,16.139999999999745,0.0,0.0,0.4,0.0,0.0,0.0,0.0,0,0,0.4,0.0,0.0,0.0,0,38000
cf1_sim,16.159999999999744,0.0,0.0,0.4,0.0,0.0,0.0,0.0,0,0,0.4,0.0,0.0,0.0,0,38000
cf1_sim,16.179999999999744,0.0,0.0,0.4,0.0,0.0,0.0,0.0,0,0,0.4,0.0,0.0,0.0,0,38000
cf1_sim,16.199999999999743,0.0,0.0,0.4,0.0,0.0,0.0,0.0,0,0,0.4,0.0,0.0,0.0,0,38000
cf1_sim,16.219999999999743,0.0,0.0,0.4,0.0,0.0,0.0,0.0,0,0,0.4,0.0,0.0,0.0,0,38000
cf1_sim,16.239999999999743,0.0,0.0,0.4,0.0,0.0,0.0,0.0,0,0,0.4,0.0,0.0,0.0,0,38000
cf1_sim,16.259999999999742,0.0,0.0,0.4,0.0,0.0,0.0,0.0,0,0,0.4,0.0,0.0,0.0,0,38000
cf1_sim,16.279999999999742,0.0,0.0,0.4,0.0,0.0,0.0,0.0,0,0,0.4,0.0,0.0,0.0,0,38000
cf1_sim,16.29999999999974,0.0,0.0,0.4,0.0,0.0,0.0,0.0,0,0,0.4,0.0,0.0,0.0,0,38000
cf1_sim,16.31999999999974,0.0,0.0,0.4,0.0,0.0,0.0,0.0,0,0,0.4,0.0,0.0,0.0,0,38000
cf1_sim,16.33999999999974,0.0,0.0,0.4,0.0,0.0,0.0,0.0,0,0,0.4,0.0,0.0,0.0,0,38000
cf1_sim,16.35999999999974,0.0,0.0,0.4,0.0,0.0,0.0,0.0,0,0,0.4,0.0,0.0,0.0,0,38000
cf1_sim,16.37999999999974,0.0,0.0,0.4,0.0,0.0,0.0,0.0,0,0,0.4,0.0,0.0,0.0,0,38000
cf1_sim,16.39999999999974,0.0,0.0,0.4,0.0,0.0,0.0,0.0,0,0,0.4,0.0,0.0,0.0,0,38000
cf1_sim,16.41999999999974,0.0,0.0,0.4,0.0,0.0,0.0,0.0,0,0,0.4,0.0,0.0,0.0,0,38000
cf1_sim,16.43999999999974,0.0,0.0,0.4,0.0,0.0,0.0,0.0,0,0,0.4,0.0,0.0,0.0,0,38000
cf1_sim,16.459999999999738,0.0,0.0,0.4,0.0,0.0,0.0,0.0,0,0,0.4,0.0,0.0,0.0,0,38000
cf1_sim,16.479999999999738,0.0,0.0,0.4,0.0,0.0,0.0,0.0,0,0,0.4,0.0,0.0,0.0,0,38000
cf1_sim,16.499999999999737,0.0,0.0,0.4,0.0,0.0,0.0,0.0,0,0,0.4,0.0,0.0,0.0,0,38000
cf1_sim,16.519999999999737,0.0,0.0,0.4,0.0,0.0,0.0,0.0,0,0,0.4,0.0,0.0,0.0,0,38000
cf1_sim,16.539999999999736,0.0,0.0,0.4,0.0,0.0,0.0,0.0,0,0,0.4,0.0,0.0,0.0,0,38000
cf1_sim,16.559999999999736,0.0,0.0,0.4,0.0,0.0,0.0,0.0,0,0,0.4,0.0,0.0,0.0,0,38000
cf1_sim,16.579999999999735,0.0,0.0,0.4,0.0,0.0,0.0,0.0,0,0,0.4,0.0,0.0,0.0,0,38000
cf1_sim,16.599999999999735,0.0,0.0,0.4,0.0,0.0,0.0,0.0,0,0,0.4,0.0,0.0,0.0,0,38000
cf1_sim,16.619999999999735,0.0,0.0,0.4,0.0,0.0,0.0,0.0,0,0,0.4,0.0,0.0,0.0,0,38000
cf1_sim,16.639999999999734,0.0,0.0,0.4,0.0,0.0,0.0,0.0,0,0,0.4,0.0,0.0,0.0,0,38000
cf1_sim,16.659999999999734,0.0,0.0,0.4,0.0,0.0,0.0,0.0,0,0,0.4,0.0,0.0,0.0,0,38000
cf1_sim,16.679999999999733,0.0,0.0,0.4,0.0,0.0,0.0,0.0,0,0,0.4,0.0,0.0,0.0,0,38000
cf1_sim,16.699999999999733,0.0,0.0,0.4,0.0,0.0,0.0,0.0,0,0,0.4,0.0,0.0,0.0,0,38000
cf1_sim,16.719999999999732,0.0,0.0,0.4,0.0,0.0,0.0,0.0,0,0,0.4,0.0,0.0,0.0,0,38000
cf1_sim,16.739999999999732,0.0,0.0,0.4,0.0,0.0,0.0,0.0,0,0,0.4,0.0,0.0,0.0,0,38000
cf1_sim,16.75999999999973,0.0,0.0,0.4,0.0,0.0,0.0,0.0,0,0,0.4,0.0,0.0,0.0,0,38000
cf1_sim,16.77999999999973,0.0,0.0,0.4,0.0,0.0,0.0,0.0,0,0,0.4,0.0,0.0,0.0,0,38000
cf1_sim,16.79999999999973,0.0,0.0,0.4,0.0,0.0,0.0,0.0,0,0,0.4,0.0,0.0,0.0,0,38000
cf1_sim,16.81999999999973,0.0,0.0,0.4,0.0,0.0,0.0,0.0,0,0,0.4,0.0,0.0,0.0,0,38000
cf1_sim,16.83999999999973,0.0,0.0,0.4,0.0,0.0,0.0,0.0,0,0,0.4,0.0,0.0,0.0,0,38000
cf1_sim,16.85999999999973,0.0,0.0,0.4,0.0,0.0,0.0,0.0,0,0,0.4,0.0,0.0,0.0,0,38000
cf1_sim,16.87999999999973,0.0,0.0,0.4,0.0,0.0,0.0,0.0,0,0,0.4,0.0,0.0,0.0,0,38000
cf1_sim,16.89999999999973,0.0,0.0,0.4,0.0,0.0,0.0,0.0,0,0,0.4,0.0,0.0,0.0,0,38000
cf1_sim,16.919999999999728,0.0,0.0,0.4,0.0,0.0,0.0,0.0,0,0,0.4,0.0,0.0,0.0,0,38000
cf1_sim,16.939999999999728,0.0,0.0,0.4,0.0,0.0,0.0,0.0,0,0,0.4,0.0,0.0,0.0,0,38000
cf1_sim,16.959999999999727,0.0,0.0,0.4,0.0,0.0,0.0,0.0,0,0,0.4,0.0,0.0,0.0,0,38000
cf1_sim,16.979999999999727,0.0,0.0,0.4,0.0,0.0,0.0,0.0,0,0,0.4,0.0,0.0,0.0,0,38000
cf1_sim,16.999999999999726,0.0,0.0,0.4,0.0,0.0,0.0,0.0,0,0,0.4,0.0,0.0,0.0,0,38000
cf1_sim,17.019999999999726,0.0,0.0,0.4,0.0,0.0,0.0,0.0,0,0,0.4,0.0,0.0,0.0,0,38000
cf1_sim,17.039999999999726,0.0,0.0,0.4,0.0,0.0,0.0,0.0,0,0,0.4,0.0,0.0,0.0,0,38000
cf1_sim,17.059999999999725,0.0,0.0,0.4,0.0,0.0,0.0,0.0,0,0,0.4,0.0,0.0,0.0,0,38000
cf1_sim,17.079999999999725,0.0,0.0,0.4,0.0,0.0,0.0,0.0,0,0,0.4,0.0,0.0,0.0,0,38000
cf1_sim,17.099999999999724,0.0,0.0,0.4,0.0,0.0,0.0,0.0,0,0,0.4,0.0,0.0,0.0,0,38000
cf1_sim,17.119999999999724,0.0,0.0,0.4,0.0,0.0,0.0,0.0,0,0,0.4,0.0,0.0,0.0,0,38000
cf1_sim,17.139999999999723,0.0,0.0,0.4,0.0,0.0,0.0,0.0,0,0,0.4,0.0,0.0,0.0,0,38000
cf1_sim,17.159999999999723,0.0,0.0,0.4,0.0,0.0,0.0,0.0,0,0,0.4,0.0,0.0,0.0,0,38000
cf1_sim,17.179999999999723,0.0,0.0,0.4,0.0,0.0,0.0,0.0,0,0,0.4,0.0,0.0,0.0,0,38000
cf1_sim,17.199999999999722,0.0,0.0,0.4,0.0,0.0,0.0,0.0,0,0,0.4,0.0,0.0,0.0,0,38000
cf1_sim,17.21999999999972,0.0,0.0,0.4,0.0,0.0,0.0,0.0,0,0,0.4,0.0,0.0,0.0,0,38000
cf1_sim,17.23999999999972,0.0,0.0,0.4,0.0,0.0,0.0,0.0,0,0,0.4,0.0,0.0,0.0,0,38000
cf1_sim,17.25999999999972,0.0,0.0,0.4,0.0,0.0,0.0,0.0,0,0,0.4,0.0,0.0,0.0,0,38000
cf1_sim,17.27999999999972,0.0,0.0,0.4,0.0,0.0,0.0,0.0,0,0,0.4,0.0,0.0,0.0,0,38000
cf1_sim,17.29999999999972,0.0,0.0,0.4,0.0,0.0,0.0,0.0,0,0,0.4,0.0,0.0,0.0,0,38000
cf1_sim,17.31999999999972,0.0,0.0,0.4,0.0,0.0,0.0,0.0,0,0,0.4,0.0,0.0,0.0,0,38000
cf1_sim,17.33999999999972,0.0,0.0,0.4,0.0,0.0,0.0,0.0,0,0,0.4,0.0,0.0,0.0,0,38000
cf1_sim,17.35999999999972,0.0,0.0,0.4,0.0,0.0,0.0,0.0,0,0,0.4,0.0,0.0,0.0,0,38000
cf1_sim,17.37999999999972,0.0,0.0,0.4,0.0,0.0,0.0,0.0,0,0,0.4,0.0,0.0,0.0,0,38000
cf1_sim,17.399999999999718,0.0,0.0,0.4,0.0,0.0,0.0,0.0,0,0,0.4,0.0,0.0,0.0,0,38000
cf1_sim,17.419999999999717,0.0,0.0,0.4,0.0,0.0,0.0,0.0,0,0,0.4,0.0,0.0,0.0,0,38000
cf1_sim,17.439999999999717,0.0,0.0,0.4,0.0,0.0,0.0,0.0,0,0,0.4,0.0,0.0,0.0,0,38000
cf1_sim,17.459999999999717,0.0,0.0,0.4,0.0,0.0,0.0,0.0,0,0,0.4,0.0,0.0,0.0,0,38000
cf1_sim,17.479999999999716,0.0,0.0,0.4,0.0,0.0,0.0,0.0,0,0,0.4,0.0,0.0,0.0,0,38000
cf1_sim,17.499999999999716,0.0,0.0,0.4,0.0,0.0,0.0,0.0,0,0,0.4,0.0,0.0,0.0,0,38000
cf1_sim,17.519999999999715,0.0,0.0,0.4,0.0,0.0,0.0,0.0,0,0,0.4,0.0,0.0,0.0,0,38000
cf1_sim,17.539999999999715,0.0,0.0,0.4,0.0,0.0,0.0,0.0,0,0,0.4,0.0,0.0,0.0,0,38000
cf1_sim,17.559999999999715,0.0,0.0,0.4,0.0,0.0,0.0,0.0,0,0,0.4,0.0,0.0,0.0,0,38000
cf1_sim,17.579999999999714,0.0,0.0,0.4,0.0,0.0,0.0,0.0,0,0,0.4,0.0,0.0,0.0,0,38000
cf1_sim,17.599999999999714,0.0,0.0,0.4,0.0,0.0,0.0,0.0,0,0,0.4,0.0,0.0,0.0,0,38000
cf1_sim,17.619999999999713,0.0,0.0,0.4,0.0,0.0,0.0,0.0,0,0,0.4,0.0,0.0,0.0,0,38000
cf1_sim,17.639999999999713,0.0,0.0,0.4,0.0,0.0,0.0,0.0,0,0,0.4,0.0,0.0,0.0,0,38000
cf1_sim,17.659999999999712,0.0,0.0,0.4,0.0,0.0,0.0,0.0,0,0,0.4,0.0,0.0,0.0,0,38000
cf1_sim,17.679999999999712,0.0,0.0,0.4,0.0,0.0,0.0,0.0,0,0,0.4,0.0,0.0,0.0,0,38000
cf1_sim,17.69999999999971,0.0,0.0,0.4,0.0,0.0,0.0,0.0,0,0,0.4,0.0,0.0,0.0,0,38000
cf1_sim,17.71999999999971,0.0,0.0,0.4,0.0,0.0,0.0,0.0,0,0,0.4,0.0,0.0,0.0,0,38000
cf1_sim,17.73999999999971,0.0,0.0,0.4,0.0,0.0,0.0,0.0,0,0,0.4,0.0,0.0,0.0,0,38000
cf1_sim,17.75999999999971,0.0,0.0,0.4,0.0,0.0,0.0,0.0,0,0,0.4,0.0,0.0,0.0,0,38000
cf1_sim,17.77999999999971,0.0,0.0,0.4,0.0,0.0,0.0,0.0,0,0,0.4,0.0,0.0,0.0,0,38000
cf1_sim,17.79999999999971,0.0,0.0,0.4,0.0,0.0,0.0,0.0,0,0,0.4,0.0,0.0,0.0,0,38000
cf1_sim,17.81999999999971,0.0,0.0,0.4,0.0,0.0,0.0,0.0,0,0,0.4,0.0,0.0,0.0,0,38000
cf1_sim,17.83999999999971,0.0,0.0,0.4,0.0,0.0,0.0,0.0,0,0,0.4,0.0,0.0,0.0,0,38000
cf1_sim,17.859999999999708,0.0,0.0,0.4,0.0,0.0,0.0,0.0,0,0,0.4,0.0,0.0,0.0,0,38000
cf1_sim,17.879999999999708,0.0,0.0,0.4,0.0,0.0,0.0,0.0,0,0,0.4,0.0,0.0,0.0,0,38000
cf1_sim,17.899999999999707,0.0,0.0,0.4,0.0,0.0,0.0,0.0,0,0,0.4,0.0,0.0,0.0,0,38000
cf1_sim,17.919999999999707,0.0,0.0,0.4,0.0,0.0,0.0,0.0,0,0,0.4,0.0,0.0,0.0,0,38000
cf1_sim,17.939999999999706,0.0,0.0,0.4,0.0,0.0,0.0,0.0,0,0,0.4,0.0,0.0,0.0,0,38000
cf1_sim,17.959999999999706,0.0,0.0,0.4,0.0,0.0,0.0,0.0,0,0,0.4,0.0,0.0,0.0,0,38000
cf1_sim,17.979999999999706,0.0,0.0,0.4,0.0,0.0,0.0,0.0,0,0,0.4,0.0,0.0,0.0,0,38000
cf1_sim,17.999999999999705,0.0,0.0,0.4,0.0,0.0,0.0,0.0,0,0,0.4,0.0,0.0,0.0,0,38000
cf1_sim,18.019999999999705,0.0,0.0,0.4,0.0,0.0,0.0,0.0,0,0,0.4,0.0,0.0,0.0,0,38000
cf1_sim,18.039999999999704,0.0,0.0,0.4,0.0,0.0,0.0,0.0,0,0,0.4,0.0,0.0,0.0,0,38000
cf1_sim,18.059999999999704,0.0,0.0,0.4,0.0,0.0,0.0,0.0,0,0,0.4,0.0,0.0,0.0,0,38000
cf1_sim,18.079999999999703,0.0,0.0,0.4,0.0,0.0,0.0,0.0,0,0,0.4,0.0,0.0,0.0,0,38000
cf1_sim,18.099999999999703,0.0,0.0,0.4,0.0,0.0,0.0,0.0,0,0,0.4,0.0,0.0,0.0,0,38000
cf1_sim,18.119999999999703,0.0,0.0,0.4,0.0,0.0,0.0,0.0,0,0,0.4,0.0,0.0,0.0,0,38000
cf1_sim,18.139999999999702,0.0,0.0,0.4,0.0,0.0,0.0,0.0,0,0,0.4,0.0,0.0,0.0,0,38000
cf1_sim,18.1599999999997,0.0,0.0,0.4,0.0,0.0,0.0,0.0,0,0,0.4,0.0,0.0,0.0,0,38000
cf1_sim,18.1799999999997,0.0,0.0,0.4,0.0,0.0,0.0,0.0,0,0,0.4,0.0,0.0,0.0,0,38000
cf1_sim,18.1999999999997,0.0,0.0,0.4,0.0,0.0,0.0,0.0,0,0,0.4,0.0,0.0,0.0,0,38000
cf1_sim,18.2199999999997,0.0,0.0,0.4,0.0,0.0,0.0,0.0,0,0,0.4,0.0,0.0,0.0,0,38000
cf1_sim,18.2399999999997,0.0,0.0,0.4,0.0,0.0,0.0,0.0,0,0,0.4,0.0,0.0,0.0,0,38000
cf1_sim,18.2599999999997,0.0,0.0,0.4,0.0,0.0,0.0,0.0,0,0,0.4,0.0,0.0,0.0,0,38000
cf1_sim,18.2799999999997,0.0,0.0,0.4,0.0,0.0,0.0,0.0,0,0,0.4,0.0,0.0,0.0,0,38000
cf1_sim,18.2999999999997,0.0,0.0,0.4,0.0,0.0,0.0,0.0,0,0,0.4,0.0,0.0,0.0,0,38000
cf1_sim,18.3199999999997,0.0,0.0,0.4,0.0,0.0,0.0,0.0,0,0,0.4,0.0,0.0,0.0,0,38000
cf1_sim,18.339999999999698,0.0,0.0,0.4,0.0,0.0,0.0,0.0,0,0,0.4,0.0,0.0,0.0,0,38000
cf1_sim,18.359999999999697,0.0,0.0,0.4,0.0,0.0,0.0,0.0,0,0,0.4,0.0,0.0,0.0,0,38000
cf1_sim,18.379999999999697,0.0,0.0,0.4,0.0,0.0,0.0,0.0,0,0,0.4,0.0,0.0,0.0,0,38000
cf1_sim,18.399999999999697,0.0,0.0,0.4,0.0,0.0,0.0,0.0,0,0,0.4,0.0,0.0,0.0,0,38000
cf1_sim,18.419999999999696,0.0,0.0,0.4,0.0,0.0,0.0,0.0,0,0,0.4,0.0,0.0,0.0,0,38000
cf1_sim,18.439999999999696,0.0,0.0,0.4,0.0,0.0,0.0,0.0,0,0,0.4,0.0,0.0,0.0,0,38000
cf1_sim,18.459999999999695,0.0,0.0,0.4,0.0,0.0,0.0,0.0,0,0,0.4,0.0,0.0,0.0,0,38000
cf1_sim,18.479999999999695,0.0,0.0,0.4,0.0,0.0,0.0,0.0,0,0,0.4,0.0,0.0,0.0,0,38000
cf1_sim,18.499999999999694,0.0,0.0,0.4,0.0,0.0,0.0,0.0,0,0,0.4,0.0,0.0,0.0,0,38000
cf1_sim,18.519999999999694,0.0,0.0,0.4,0.0,0.0,0.0,0.0,0,0,0.4,0.0,0.0,0.0,0,38000
cf1_sim,18.539999999999694,0.0,0.0,0.4,0.0,0.0,0.0,0.0,0,0,0.4,0.0,0.0,0.0,0,38000
cf1_sim,18.559999999999693,0.0,0.0,0.4,0.0,0.0,0.0,0.0,0,0,0.4,0.0,0.0,0.0,0,38000
cf1_sim,18.579999999999693,0.0,0.0,0.4,0.0,0.0,0.0,0.0,0,0,0.4,0.0,0.0,0.0,0,38000
cf1_sim,18.599999999999692,0.0,0.0,0.4,0.0,0.0,0.0,0.0,0,0,0.4,0.0,0.0,0.0,0,38000
cf1_sim,18.619999999999692,0.0,0.0,0.4,0.0,0.0,0.0,0.0,0,0,0.4,0.0,0.0,0.0,0,38000
cf1_sim,18.63999999999969,0.0,0.0,0.4,0.0,0.0,0.0,0.0,0,0,0.4,0.0,0.0,0.0,0,38000
cf1_sim,18.65999999999969,0.0,0.0,0.4,0.0,0.0,0.0,0.0,0,0,0.4,0.0,0.0,0.0,0,38000
cf1_sim,18.67999999999969,0.0,0.0,0.4,0.0,0.0,0.0,0.0,0,0,0.4,0.0,0.0,0.0,0,38000
cf1_sim,18.69999999999969,0.0,0.0,0.4,0.0,0.0,0.0,0.0,0,0,0.4,0.0,0.0,0.0,0,38000
cf1_sim,18.71999999999969,0.0,0.0,0.4,0.0,0.0,0.0,0.0,0,0,0.4,0.0,0.0,0.0,0,38000
cf1_sim,18.73999999999969,0.0,0.0,0.4,0.0,0.0,0.0,0.0,0,0,0.4,0.0,0.0,0.0,0,38000
cf1_sim,18.75999999999969,0.0,0.0,0.4,0.0,0.0,0.0,0.0,0,0,0.4,0.0,0.0,0.0,0,38000
cf1_sim,18.77999999999969,0.0,0.0,0.4,0.0,0.0,0.0,0.0,0,0,0.4,0.0,0.0,0.0,0,38000
cf1_sim,18.799999999999688,0.0,0.0,0.4,0.0,0.0,0.0,0.0,0,0,0.4,0.0,0.0,0.0,0,38000
cf1_sim,18.819999999999688,0.0,0.0,0.4,0.0,0.0,0.0,0.0,0,0,0.4,0.0,0.0,0.0,0,38000
cf1_sim,18.839999999999687,0.0,0.0,0.4,0.0,0.0,0.0,0.0,0,0,0.4,0.0,0.0,0.0,0,38000
cf1_sim,18.859999999999687,0.0,0.0,0.4,0.0,0.0,0.0,0.0,0,0,0.4,0.0,0.0,0.0,0,38000
cf1_sim,18.879999999999686,0.0,0.0,0.4,0.0,0.0,0.0,0.0,0,0,0.4,0.0,0.0,0.0,0,38000
cf1_sim,18.899999999999686,0.0,0.0,0.4,0.0,0.0,0.0,0.0,0,0,0.4,0.0,0.0,0.0,0,38000
cf1_sim,18.919999999999686,0.0,0.0,0.4,0.0,0.0,0.0,0.0,0,0,0.4,0.0,0.0,0.0,0,38000
cf1_sim,18.939999999999685,0.0,0.0,0.4,0.0,0.0,0.0,0.0,0,0,0.4,0.0,0.0,0.0,0,38000
cf1_sim,18.959999999999685,0.0,0.0,0.4,0.0,0.0,0.0,0.0,0,0,0.4,0.0,0.0,0.0,0,38000
cf1_sim,18.979999999999684,0.0,0.0,0.4,0.0,0.0,0.0,0.0,0,0,0.4,0.0,0.0,0.0,0,38000
cf1_sim,18.999999999999684,0.0,0.0,0.4,0.0,0.0,0.0,0.0,0,0,0.4,0.0,0.0,0.0,0,38000
cf1_sim,19.019999999999683,0.0,0.0,0.4,0.0,0.0,0.0,0.0,0,0,0.4,0.0,0.0,0.0,0,38000
cf1_sim,19.039999999999683,0.0,0.0,0.4,0.0,0.0,0.0,0.0,0,0,0.4,0.0,0.0,0.0,0,38000
cf1_sim,19.059999999999683,0.0,0.0,0.4,0.0,0.0,0.0,0.0,0,0,0.4,0.0,0.0,0.0,0,38000
cf1_sim,19.079999999999682,0.0,0.0,0.4,0.0,0.0,0.0,0.0,0,0,0.4,0.0,0.0,0.0,0,38000
cf1_sim,19.09999999999968,0.0,0.0,0.4,0.0,0.0,0.0,0.0,0,0,0.4,0.0,0.0,0.0,0,38000
cf1_sim,19.11999999999968,0.0,0.0,0.4,0.0,0.0,0.0,0.0,0,0,0.4,0.0,0.0,0.0,0,38000
cf1_sim,19.13999999999968,0.0,0.0,0.4,0.0,0.0,0.0,0.0,0,0,0.4,0.0,0.0,0.0,0,38000
cf1_sim,19.15999999999968,0.0,0.0,0.4,0.0,0.0,0.0,0.0,0,0,0.4,0.0,0.0,0.0,0,38000
cf1_sim,19.17999999999968,0.0,0.0,0.4,0.0,0.0,0.0,0.0,0,0,0.4,0.0,0.0,0.0,0,38000
cf1_sim,19.19999999999968,0.0,0.0,0.4,0.0,0.0,0.0,0.0,0,0,0.4,0.0,0.0,0.0,0,38000
cf1_sim,19.21999999999968,0.0,0.0,0.4,0.0,0.0,0.0,0.0,0,0,0.4,0.0,0.0,0.0,0,38000
cf1_sim,19.23999999999968,0.0,0.0,0.4,0.0,0.0,0.0,0.0,0,0,0.4,0.0,0.0,0.0,0,38000
cf1_sim,19.25999999999968,0.0,0.0,0.4,0.0,0.0,0.0,0.0,0,0,0.4,0.0,0.0,0.0,0,38000
cf1_sim,19.279999999999678,0.0,0.0,0.4,0.0,0.0,0.0,0.0,0,0,0.4,0.0,0.0,0.0,0,38000
cf1_sim,19.299999999999677,0.0,0.0,0.4,0.0,0.0,0.0,0.0,0,0,0.4,0.0,0.0,0.0,0,38000
cf1_sim,19.319999999999677,0.0,0.0,0.4,0.0,0.0,0.0,0.0,0,0,0.4,0.0,0.0,0.0,0,38000
cf1_sim,19.339999999999677,0.0,0.0,0.4,0.0,0.0,0.0,0.0,0,0,0.4,0.0,0.0,0.0,0,38000
cf1_sim,19.359999999999676,0.0,0.0,0.4,0.0,0.0,0.0,0.0,0,0,0.4,0.0,0.0,0.0,0,38000
cf1_sim,19.379999999999676,0.0,0.0,0.4,0.0,0.0,0.0,0.0,0,0,0.4,0.0,0.0,0.0,0,38000
cf1_sim,19.399999999999675,0.0,0.0,0.4,0.0,0.0,0.0,0.0,0,0,0.4,0.0,0.0,0.0,0,38000
cf1_sim,19.419999999999675,0.0,0.0,0.4,0.0,0.0,0.0,0.0,0,0,0.4,0.0,0.0,0.0,0,38000
cf1_sim,19.439999999999674,0.0,0.0,0.4,0.0,0.0,0.0,0.0,0,0,0.4,0.0,0.0,0.0,0,38000
cf1_sim,19.459999999999674,0.0,0.0,0.4,0.0,0.0,0.0,0.0,0,0,0.4,0.0,0.0,0.0,0,38000
cf1_sim,19.479999999999674,0.0,0.0,0.4,0.0,0.0,0.0,0.0,0,0,0.4,0.0,0.0,0.0,0,38000
cf1_sim,19.499999999999673,0.0,0.0,0.4,0.0,0.0,0.0,0.0,0,0,0.4,0.0,0.0,0.0,0,38000
cf1_sim,19.519999999999673,0.0,0.0,0.4,0.0,0.0,0.0,0.0,0,0,0.4,0.0,0.0,0.0,0,38000
cf1_sim,19.539999999999672,0.0,0.0,0.4,0.0,0.0,0.0,0.0,0,0,0.4,0.0,0.0,0.0,0,38000
cf1_sim,19.559999999999672,0.0,0.0,0.4,0.0,0.0,0.0,0.0,0,0,0.4,0.0,0.0,0.0,0,38000
cf1_sim,19.57999999999967,0.0,0.0,0.4,0.0,0.0,0.0,0.0,0,0,0.4,0.0,0.0,0.0,0,38000
cf1_sim,19.59999999999967,0.0,0.0,0.4,0.0,0.0,0.0,0.0,0,0,0.4,0.0,0.0,0.0,0,38000
cf1_sim,19.61999999999967,0.0,0.0,0.4,0.0,0.0,0.0,0.0,0,0,0.4,0.0,0.0,0.0,0,38000
cf1_sim,19.63999999999967,0.0,0.0,0.4,0.0,0.0,0.0,0.0,0,0,0.4,0.0,0.0,0.0,0,38000
cf1_sim,19.65999999999967,0.0,0.0,0.4,0.0,0.0,0.0,0.0,0,0,0.4,0.0,0.0,0.0,0,38000
cf1_sim,19.67999999999967,0.0,0.0,0.4,0.0,0.0,0.0,0.0,0,0,0.4,0.0,0.0,0.0,0,38000
cf1_sim,19.69999999999967,0.0,0.0,0.4,0.0,0.0,0.0,0.0,0,0,0.4,0.0,0.0,0.0,0,38000
cf1_sim,19.71999999999967,0.0,0.0,0.4,0.0,0.0,0.0,0.0,0,0,0.4,0.0,0.0,0.0,0,38000
cf1_sim,19.739999999999668,0.0,0.0,0.4,0.0,0.0,0.0,0.0,0,0,0.4,0.0,0.0,0.0,0,38000
cf1_sim,19.759999999999668,0.0,0.0,0.4,0.0,0.0,0.0,0.0,0,0,0.4,0.0,0.0,0.0,0,38000
cf1_sim,19.779999999999667,0.0,0.0,0.4,0.0,0.0,0.0,0.0,0,0,0.4,0.0,0.0,0.0,0,38000
cf1_sim,19.799999999999667,0.0,0.0,0.4,0.0,0.0,0.0,0.0,0,0,0.4,0.0,0.0,0.0,0,38000
cf1_sim,19.819999999999666,0.0,0.0,0.4,0.0,0.0,0.0,0.0,0,0,0.4,0.0,0.0,0.0,0,38000
cf1_sim,19.839999999999666,0.0,0.0,0.4,0.0,0.0,0.0,0.0,0,0,0.4,0.0,0.0,0.0,0,38000
cf1_sim,19.859999999999665,0.0,0.0,0.4,0.0,0.0,0.0,0.0,0,0,0.4,0.0,0.0,0.0,0,38000
cf1_sim,19.879999999999665,0.0,0.0,0.4,0.0,0.0,0.0,0.0,0,0,0.4,0.0,0.0,0.0,0,38000
cf1_sim,19.899999999999665,0.0,0.0,0.4,0.0,0.0,0.0,0.0,0,0,0.4,0.0,0.0,0.0,0,38000
cf1_sim,19.919999999999664,0.0,0.0,0.4,0.0,0.0,0.0,0.0,0,0,0.4,0.0,0.0,0.0,0,38000
cf1_sim,19.939999999999664,0.0,0.0,0.4,0.0,0.0,0.0,0.0,0,0,0.4,0.0,0.0,0.0,0,38000
cf1_sim,19.959999999999663,0.0,0.0,0.4,0.0,0.0,0.0,0.0,0,0,0.4,0.0,0.0,0.0,0,38000
cf1_sim,19.979999999999663,0.0,0.0,0.4,0.0,0.0,0.0,0.0,0,0,0.4,0.0,0.0,0.0,0,38000
cf1_sim,19.999999999999662,0.0,0.0,0.4,0.0,0.0,0.0,0.0,0,0,0.4,0.0,0.0,0.0,0,38000
cf1_sim,20.019999999999662,0.0,0.0,0.4,0.0,0.0,0.0,0.0,0,0,0.4,0.0,0.0,0.0,0,38000
cf1_sim,20.03999999999966,0.0,0.0,0.4,0.0,0.0,0.0,0.0,0,0,0.4,0.0,0.0,0.0,0,38000
cf1_sim,20.05999999999966,0.0,0.0,0.4,0.0,0.0,0.0,0.0,0,0,0.4,0.0,0.0,0.0,0,38000
cf1_sim,20.07999999999966,0.0,0.0,0.4,0.0,0.0,0.0,0.0,0,0,0.4,0.0,0.0,0.0,0,38000
cf1_sim,20.09999999999966,0.0,0.0,0.4,0.0,0.0,0.0,0.0,0,0,0.4,0.0,0.0,0.0,0,38000
cf1_sim,20.11999999999966,0.0,0.0,0.4,0.0,0.0,0.0,0.0,0,0,0.4,0.0,0.0,0.0,0,38000
cf1_sim,20.13999999999966,0.0,0.0,0.4,0.0,0.0,0.0,0.0,0,0,0.4,0.0,0.0,0.0,0,38000
cf1_sim,20.15999999999966,0.0,0.0,0.4,0.0,0.0,0.0,0.0,0,0,0.4,0.0,0.0,0.0,0,38000
cf1_sim,20.17999999999966,0.0,0.0,0.4,0.0,0.0,0.0,0.0,0,0,0.4,0.0,0.0,0.0,0,38000
cf1_sim,20.19999999999966,0.0,0.0,0.4,0.0,0.0,0.0,0.0,0,0,0.4,0.0,0.0,0.0,0,38000
cf1_sim,20.219999999999658,0.0,0.0,0.4,0.0,0.0,0.0,0.0,0,0,0.4,0.0,0.0,0.0,0,38000
cf1_sim,20.239999999999657,0.0,0.0,0.4,0.0,0.0,0.0,0.0,0,0,0.4,0.0,0.0,0.0,0,38000
cf1_sim,20.259999999999657,0.0,0.0,0.4,0.0,0.0,0.0,0.0,0,0,0.4,0.0,0.0,0.0,0,38000
cf1_sim,20.279999999999657,0.0,0.0,0.4,0.0,0.0,0.0,0.0,0,0,0.4,0.0,0.0,0.0,0,38000
cf1_sim,20.299999999999656,0.0,0.0,0.4,0.0,0.0,0.0,0.0,0,0,0.4,0.0,0.0,0.0,0,38000
cf1_sim,20.319999999999656,0.0,0.0,0.4,0.0,0.0,0.0,0.0,0,0,0.4,0.0,0.0,0.0,0,38000
cf1_sim,20.339999999999655,0.0,0.0,0.4,0.0,0.0,0.0,0.0,0,0,0.4,0.0,0.0,0.0,0,38000
cf1_sim,20.359999999999655,0.0,0.0,0.4,0.0,0.0,0.0,0.0,0,0,0.4,0.0,0.0,0.0,0,38000
cf1_sim,20.379999999999654,0.0,0.0,0.4,0.0,0.0,0.0,0.0,0,0,0.4,0.0,0.0,0.0,0,38000
cf1_sim,20.399999999999654,0.0,0.0,0.4,0.0,0.0,0.0,0.0,0,0,0.4,0.0,0.0,0.0,0,38000
cf1_sim,20.419999999999654,0.0,0.0,0.4,0.0,0.0,0.0,0.0,0,0,0.4,0.0,0.0,0.0,0,38000
cf1_sim,20.439999999999653,0.0,0.0,0.4,0.0,0.0,0.0,0.0,0,0,0.4,0.0,0.0,0.0,0,38000
cf1_sim,20.459999999999653,0.0,0.0,0.4,0.0,0.0,0.0,0.0,0,0,0.4,0.0,0.0,0.0,0,38000
cf1_sim,20.479999999999652,0.0,0.0,0.4,0.0,0.0,0.0,0.0,0,0,0.4,0.0,0.0,0.0,0,38000
cf1_sim,20.499999999999652,0.0,0.0,0.4,0.0,0.0,0.0,0.0,0,0,0.4,0.0,0.0,0.0,0,38000
cf1_sim,20.51999999999965,0.0,0.0,0.4,0.0,0.0,0.0,0.0,0,0,0.4,0.0,0.0,0.0,0,38000
cf1_sim,20.53999999999965,0.0,0.0,0.4,0.0,0.0,0.0,0.0,0,0,0.4,0.0,0.0,0.0,0,38000
cf1_sim,20.55999999999965,0.0,0.0,0.4,0.0,0.0,0.0,0.0,0,0,0.4,0.0,0.0,0.0,0,38000
cf1_sim,20.57999999999965,0.0,0.0,0.4,0.0,0.0,0.0,0.0,0,0,0.4,0.0,0.0,0.0,0,38000
cf1_sim,20.59999999999965,0.0,0.0,0.4,0.0,0.0,0.0,0.0,0,0,0.4,0.0,0.0,0.0,0,38000
cf1_sim,20.61999999999965,0.0,0.0,0.4,0.0,0.0,0.0,0.0,0,0,0.4,0.0,0.0,0.0,0,38000
cf1_sim,20.63999999999965,0.0,0.0,0.4,0.0,0.0,0.0,0.0,0,0,0.4,0.0,0.0,0.0,0,38000
cf1_sim,20.65999999999965,0.0,0.0,0.4,0.0,0.0,0.0,0.0,0,0,0.4,0.0,0.0,0.0,0,38000
cf1_sim,20.679999999999648,0.0,0.0,0.4,0.0,0.0,0.0,0.0,0,0,0.4,0.0,0.0,0.0,0,38000
cf1_sim,20.699999999999648,0.0,0.0,0.4,0.0,0.0,0.0,0.0,0,0,0.4,0.0,0.0,0.0,0,38000
cf1_sim,20.719999999999647,0.0,0.0,0.4,0.0,0.0,0.0,0.0,0,0,0.4,0.0,0.0,0.0,0,38000
cf1_sim,20.739999999999647,0.0,0.0,0.4,0.0,0.0,0.0,0.0,0,0,0.4,0.0,0.0,0.0,0,38000
cf1_sim,20.759999999999646,0.0,0.0,0.4,0.0,0.0,0.0,0.0,0,0,0.4,0.0,0.0,0.0,0,38000
cf1_sim,20.779999999999646,0.0,0.0,0.4,0.0,0.0,0.0,0.0,0,0,0.4,0.0,0.0,0.0,0,38000
cf1_sim,20.799999999999645,0.0,0.0,0.4,0.0,0.0,0.0,0.0,0,0,0.4,0.0,0.0,0.0,0,38000
cf1_sim,20.819999999999645,0.0,0.0,0.4,0.0,0.0,0.0,0.0,0,0,0.4,0.0,0.0,0.0,0,38000
cf1_sim,20.839999999999645,0.0,0.0,0.4,0.0,0.0,0.0,0.0,0,0,0.4,0.0,0.0,0.0,0,38000
cf1_sim,20.859999999999644,0.0,0.0,0.4,0.0,0.0,0.0,0.0,0,0,0.4,0.0,0.0,0.0,0,38000
cf1_sim,20.879999999999644,0.0,0.0,0.4,0.0,0.0,0.0,0.0,0,0,0.4,0.0,0.0,0.0,0,38000
cf1_sim,20.899999999999643,0.0,0.0,0.4,0.0,0.0,0.0,0.0,0,0,0.4,0.0,0.0,0.0,0,38000
cf1_sim,20.919999999999643,0.0,0.0,0.4,0.0,0.0,0.0,0.0,0,0,0.4,0.0,0.0,0.0,0,38000
cf1_sim,20.939999999999642,0.0,0.0,0.4,0.0,0.0,0.0,0.0,0,0,0.4,0.0,0.0,0.0,0,38000
cf1_sim,20.959999999999642,0.0,0.0,0.4,0.0,0.0,0.0,0.0,0,0,0.4,0.0,0.0,0.0,0,38000
cf1_sim,20.97999999999964,0.0,0.0,0.4,0.0,0.0,0.0,0.0,0,0,0.4,0.0,0.0,0.0,0,38000
cf1_sim,20.99999999999964,0.0,0.0,0.4,0.0,0.0,0.0,0.0,0,0,0.4,0.0,0.0,0.0,0,38000
cf1_sim,21.01999999999964,0.0,0.0,0.4,0.0,0.0,0.0,0.0,0,0,0.4,0.0,0.0,0.0,0,38000
cf1_sim,21.03999999999964,0.0,0.0,0.4,0.0,0.0,0.0,0.0,0,0,0.4,0.0,0.0,0.0,0,38000
cf1_sim,21.05999999999964,0.0,0.0,0.4,0.0,0.0,0.0,0.0,0,0,0.4,0.0,0.0,0.0,0,38000
cf1_sim,21.07999999999964,0.0,0.0,0.4,0.0,0.0,0.0,0.0,0,0,0.4,0.0,0.0,0.0,0,38000
cf1_sim,21.09999999999964,0.0,0.0,0.4,0.0,0.0,0.0,0.0,0,0,0.4,0.0,0.0,0.0,0,38000
cf1_sim,21.11999999999964,0.0,0.0,0.4,0.0,0.0,0.0,0.0,0,0,0.4,0.0,0.0,0.0,0,38000
cf1_sim,21.139999999999638,0.0,0.0,0.4,0.0,0.0,0.0,0.0,0,0,0.4,0.0,0.0,0.0,0,38000
cf1_sim,21.159999999999638,0.0,0.0,0.4,0.0,0.0,0.0,0.0,0,0,0.4,0.0,0.0,0.0,0,38000
cf1_sim,21.179999999999637,0.0,0.0,0.4,0.0,0.0,0.0,0.0,0,0,0.4,0.0,0.0,0.0,0,38000
cf1_sim,21.199999999999637,0.0,0.0,0.4,0.0,0.0,0.0,0.0,0,0,0.4,0.0,0.0,0.0,0,38000
cf1_sim,21.219999999999636,0.0,0.0,0.4,0.0,0.0,0.0,0.0,0,0,0.4,0.0,0.0,0.0,0,38000
cf1_sim,21.239999999999636,0.0,0.0,0.4,0.0,0.0,0.0,0.0,0,0,0.4,0.0,0.0,0.0,0,38000
cf1_sim,21.259999999999636,0.0,0.0,0.4,0.0,0.0,0.0,0.0,0,0,0.4,0.0,0.0,0.0,0,38000
cf1_sim,21.279999999999635,0.0,0.0,0.4,0.0,0.0,0.0,0.0,0,0,0.4,0.0,0.0,0.0,0,38000
cf1_sim,21.299999999999635,0.0,0.0,0.4,0.0,0.0,0.0,0.0,0,0,0.4,0.0,0.0,0.0,0,38000
cf1_sim,21.319999999999634,0.0,0.0,0.4,0.0,0.0,0.0,0.0,0,0,0.4,0.0,0.0,0.0,0,38000
cf1_sim,21.339999999999634,0.0,0.0,0.4,0.0,0.0,0.0,0.0,0,0,0.4,0.0,0.0,0.0,0,38000
cf1_sim,21.359999999999634,0.0,0.0,0.4,0.0,0.0,0.0,0.0,0,0,0.4,0.0,0.0,0.0,0,38000
cf1_sim,21.379999999999633,0.0,0.0,0.4,0.0,0.0,0.0,0.0,0,0,0.4,0.0,0.0,0.0,0,38000
cf1_sim,21.399999999999633,0.0,0.0,0.4,0.0,0.0,0.0,0.0,0,0,0.4,0.0,0.0,0.0,0,38000
cf1_sim,21.419999999999632,0.0,0.0,0.4,0.0,0.0,0.0,0.0,0,0,0.4,0.0,0.0,0.0,0,38000
cf1_sim,21.439999999999632,0.0,0.0,0.4,0.0,0.0,0.0,0.0,0,0,0.4,0.0,0.0,0.0,0,38000
cf1_sim,21.45999999999963,0.0,0.0,0.4,0.0,0.0,0.0,0.0,0,0,0.4,0.0,0.0,0.0,0,38000
cf1_sim,21.47999999999963,0.0,0.0,0.4,0.0,0.0,0.0,0.0,0,0,0.4,0.0,0.0,0.0,0,38000
cf1_sim,21.49999999999963,0.0,0.0,0.4,0.0,0.0,0.0,0.0,0,0,0.4,0.0,0.0,0.0,0,38000
cf1_sim,21.51999999999963,0.0,0.0,0.4,0.0,0.0,0.0,0.0,0,0,0.4,0.0,0.0,0.0,0,38000
cf1_sim,21.53999999999963,0.0,0.0,0.4,0.0,0.0,0.0,0.0,0,0,0.4,0.0,0.0,0.0,0,38000
cf1_sim,21.55999999999963,0.0,0.0,0.4,0.0,0.0,0.0,0.0,0,0,0.4,0.0,0.0,0.0,0,38000
cf1_sim,21.57999999999963,0.0,0.0,0.4,0.0,0.0,0.0,0.0,0,0,0.4,0.0,0.0,0.0,0,38000
cf1_sim,21.59999999999963,0.0,0.0,0.4,0.0,0.0,0.0,0.0,0,0,0.4,0.0,0.0,0.0,0,38000
cf1_sim,21.619999999999628,0.0,0.0,0.4,0.0,0.0,0.0,0.0,0,0,0.4,0.0,0.0,0.0,0,38000
cf1_sim,21.639999999999628,0.0,0.0,0.4,0.0,0.0,0.0,0.0,0,0,0.4,0.0,0.0,0.0,0,38000
cf1_sim,21.659999999999627,0.0,0.0,0.4,0.0,0.0,0.0,0.0,0,0,0.4,0.0,0.0,0.0,0,38000
cf1_sim,21.679999999999627,0.0,0.0,0.4,0.0,0.0,0.0,0.0,0,0,0.4,0.0,0.0,0.0,0,38000
cf1_sim,21.699999999999626,0.0,0.0,0.4,0.0,0.0,0.0,0.0,0,0,0.4,0.0,0.0,0.0,0,38000
cf1_sim,21.719999999999626,0.0,0.0,0.4,0.0,0.0,0.0,0.0,0,0,0.4,0.0,0.0,0.0,0,38000
cf1_sim,21.739999999999625,0.0,0.0,0.4,0.0,0.0,0.0,0.0,0,0,0.4,0.0,0.0,0.0,0,38000
cf1_sim,21.759999999999625,0.0,0.0,0.4,0.0,0.0,0.0,0.0,0,0,0.4,0.0,0.0,0.0,0,38000
cf1_sim,21.779999999999625,0.0,0.0,0.4,0.0,0.0,0.0,0.0,0,0,0.4,0.0,0.0,0.0,0,38000
cf1_sim,21.799999999999624,0.0,0.0,0.4,0.0,0.0,0.0,0.0,0,0,0.4,0.0,0.0,0.0,0,38000
cf1_sim,21.819999999999624,0.0,0.0,0.4,0.0,0.0,0.0,0.0,0,0,0.4,0.0,0.0,0.0,0,38000
cf1_sim,21.839999999999623,0.0,0.0,0.4,0.0,0.0,0.0,0.0,0,0,0.4,0.0,0.0,0.0,0,38000
cf1_sim,21.859999999999623,0.0,0.0,0.4,0.0,0.0,0.0,0.0,0,0,0.4,0.0,0.0,0.0,0,38000
cf1_sim,21.879999999999622,0.0,0.0,0.4,0.0,0.0,0.0,0.0,0,0,0.4,0.0,0.0,0.0,0,38000
cf1_sim,21.899999999999622,0.0,0.0,0.4,0.0,0.0,0.0,0.0,0,0,0.4,0.0,0.0,0.0,0,38000
cf1_sim,21.91999999999962,0.0,0.0,0.4,0.0,0.0,0.0,0.0,0,0,0.4,0.0,0.0,0.0,0,38000
cf1_sim,21.93999999999962,0.0,0.0,0.4,0.0,0.0,0.0,0.0,0,0,0.4,0.0,0.0,0.0,0,38000
cf1_sim,21.95999999999962,0.0,0.0,0.4,0.0,0.0,0.0,0.0,0,0,0.4,0.0,0.0,0.0,0,38000
cf1_sim,21.97999999999962,0.0,0.0,0.4,0.0,0.0,0.0,0.0,0,0,0.4,0.0,0.0,0.0,0,38000
cf1_sim,21.99999999999962,0.0,0.0,0.4,0.0,0.0,0.0,0.0,0,0,0.4,0.0,0.0,0.0,0,38000
cf1_sim,22.01999999999962,0.0,0.0,0.4,0.0,0.0,0.0,0.0,0,0,0.4,0.0,0.0,0.0,0,38000
cf1_sim,22.03999999999962,0.0,0.0,0.4,0.0,0.0,0.0,0.0,0,0,0.4,0.0,0.0,0.0,0,38000
cf1_sim,22.05999999999962,0.0,0.0,0.4,0.0,0.0,0.0,0.0,0,0,0.4,0.0,0.0,0.0,0,38000
cf1_sim,22.079999999999618,0.0,0.0,0.4,0.0,0.0,0.0,0.0,0,0,0.4,0.0,0.0,0.0,0,38000
cf1_sim,22.099999999999618,0.0,0.0,0.4,0.0,0.0,0.0,0.0,0,0,0.4,0.0,0.0,0.0,0,38000
cf1_sim,22.119999999999617,0.0,0.0,0.4,0.0,0.0,0.0,0.0,0,0,0.4,0.0,0.0,0.0,0,38000
cf1_sim,22.139999999999617,0.0,0.0,0.4,0.0,0.0,0.0,0.0,0,0,0.4,0.0,0.0,0.0,0,38000
cf1_sim,22.159999999999616,0.0,0.0,0.4,0.0,0.0,0.0,0.0,0,0,0.4,0.0,0.0,0.0,0,38000
cf1_sim,22.179999999999616,0.0,0.0,0.4,0.0,0.0,0.0,0.0,0,0,0.4,0.0,0.0,0.0,0,38000
cf1_sim,22.199999999999616,0.0,0.0,0.4,0.0,0.0,0.0,0.0,0,0,0.4,0.0,0.0,0.0,0,38000
cf1_sim,22.219999999999615,0.0,0.0,0.4,0.0,0.0,0.0,0.0,0,0,0.4,0.0,0.0,0.0,0,38000
cf1_sim,22.239999999999615,0.0,0.0,0.4,0.0,0.0,0.0,0.0,0,0,0.4,0.0,0.0,0.0,0,38000
cf1_sim,22.259999999999614,0.0,0.0,0.4,0.0,0.0,0.0,0.0,0,0,0.4,0.0,0.0,0.0,0,38000
cf1_sim,22.279999999999614,0.0,0.0,0.4,0.0,0.0,0.0,0.0,0,0,0.4,0.0,0.0,0.0,0,38000
cf1_sim,22.299999999999613,0.0,0.0,0.4,0.0,0.0,0.0,0.0,0,0,0.4,0.0,0.0,0.0,0,38000
cf1_sim,22.319999999999613,0.0,0.0,0.4,0.0,0.0,0.0,0.0,0,0,0.4,0.0,0.0,0.0,0,38000
cf1_sim,22.339999999999613,0.0,0.0,0.4,0.0,0.0,0.0,0.0,0,0,0.4,0.0,0.0,0.0,0,38000
cf1_sim,22.359999999999612,0.0,0.0,0.4,0.0,0.0,0.0,0.0,0,0,0.4,0.0,0.0,0.0,0,38000
cf1_sim,22.37999999999961,0.0,0.0,0.4,0.0,0.0,0.0,0.0,0,0,0.4,0.0,0.0,0.0,0,38000
cf1_sim,22.39999999999961,0.0,0.0,0.4,0.0,0.0,0.0,0.0,0,0,0.4,0.0,0.0,0.0,0,38000
cf1_sim,22.41999999999961,0.0,0.0,0.4,0.0,0.0,0.0,0.0,0,0,0.4,0.0,0.0,0.0,0,38000
cf1_sim,22.43999999999961,0.0,0.0,0.4,0.0,0.0,0.0,0.0,0,0,0.4,0.0,0.0,0.0,0,38000
cf1_sim,22.45999999999961,0.0,0.0,0.4,0.0,0.0,0.0,0.0,0,0,0.4,0.0,0.0,0.0,0,38000
cf1_sim,22.47999999999961,0.0,0.0,0.4,0.0,0.0,0.0,0.0,0,0,0.4,0.0,0.0,0.0,0,38000
cf1_sim,22.49999999999961,0.0,0.0,0.4,0.0,0.0,0.0,0.0,0,0,0.4,0.0,0.0,0.0,0,38000
cf1_sim,22.51999999999961,0.0,0.0,0.4,0.0,0.0,0.0,0.0,0,0,0.4,0.0,0.0,0.0,0,38000
cf1_sim,22.53999999999961,0.0,0.0,0.4,0.0,0.0,0.0,0.0,0,0,0.4,0.0,0.0,0.0,0,38000
cf1_sim,22.559999999999608,0.0,0.0,0.4,0.0,0.0,0.0,0.0,0,0,0.4,0.0,0.0,0.0,0,38000
cf1_sim,22.579999999999607,0.0,0.0,0.4,0.0,0.0,0.0,0.0,0,0,0.4,0.0,0.0,0.0,0,38000
cf1_sim,22.599999999999607,0.0,0.0,0.4,0.0,0.0,0.0,0.0,0,0,0.4,0.0,0.0,0.0,0,38000
cf1_sim,22.619999999999607,0.0,0.0,0.4,0.0,0.0,0.0,0.0,0,0,0.4,0.0,0.0,0.0,0,38000
cf1_sim,22.639999999999606,0.0,0.0,0.4,0.0,0.0,0.0,0.0,0,0,0.4,0.0,0.0,0.0,0,38000
cf1_sim,22.659999999999606,0.0,0.0,0.4,0.0,0.0,0.0,0.0,0,0,0.4,0.0,0.0,0.0,0,38000
cf1_sim,22.679999999999605,0.0,0.0,0.4,0.0,0.0,0.0,0.0,0,0,0.4,0.0,0.0,0.0,0,38000
cf1_sim,22.699999999999605,0.0,0.0,0.4,0.0,0.0,0.0,0.0,0,0,0.4,0.0,0.0,0.0,0,38000
cf1_sim,22.719999999999605,0.0,0.0,0.4,0.0,0.0,0.0,0.0,0,0,0.4,0.0,0.0,0.0,0,38000
cf1_sim,22.739999999999604,0.0,0.0,0.4,0.0,0.0,0.0,0.0,0,0,0.4,0.0,0.0,0.0,0,38000
cf1_sim,22.759999999999604,0.0,0.0,0.4,0.0,0.0,0.0,0.0,0,0,0.4,0.0,0.0,0.0,0,38000
cf1_sim,22.779999999999603,0.0,0.0,0.4,0.0,0.0,0.0,0.0,0,0,0.4,0.0,0.0,0.0,0,38000
cf1_sim,22.799999999999603,0.0,0.0,0.4,0.0,0.0,0.0,0.0,0,0,0.4,0.0,0.0,0.0,0,38000
cf1_sim,22.819999999999602,0.0,0.0,0.4,0.0,0.0,0.0,0.0,0,0,0.4,0.0,0.0,0.0,0,38000
cf1_sim,22.839999999999602,0.0,0.0,0.4,0.0,0.0,0.0,0.0,0,0,0.4,0.0,0.0,0.0,0,38000
cf1_sim,22.8599999999996,0.0,0.0,0.4,0.0,0.0,0.0,0.0,0,0,0.4,0.0,0.0,0.0,0,38000
cf1_sim,22.8799999999996,0.0,0.0,0.4,0.0,0.0,0.0,0.0,0,0,0.4,0.0,0.0,0.0,0,38000
cf1_sim,22.8999999999996,0.0,0.0,0.4,0.0,0.0,0.0,0.0,0,0,0.4,0.0,0.0,0.0,0,38000
cf1_sim,22.9199999999996,0.0,0.0,0.4,0.0,0.0,0.0,0.0,0,0,0.4,0.0,0.0,0.0,0,38000
cf1_sim,22.9399999999996,0.0,0.0,0.4,0.0,0.0,0.0,0.0,0,0,0.4,0.0,0.0,0.0,0,38000
cf1_sim,22.9599999999996,0.0,0.0,0.4,0.0,0.0,0.0,0.0,0,0,0.4,0.0,0.0,0.0,0,38000
cf1_sim,22.9799999999996,0.0,0.0,0.4,0.0,0.0,0.0,0.0,0,0,0.4,0.0,0.0,0.0,0,38000
cf1_sim,22.9999999999996,0.0,0.0,0.4,0.0,0.0,0.0,0.0,0,0,0.4,0.0,0.0,0.0,0,38000
cf1_sim,23.019999999999598,0.0,0.0,0.4,0.0,0.0,0.0,0.0,0,0,0.4,0.0,0.0,0.0,0,38000
cf1_sim,23.039999999999598,0.0,0.0,0.4,0.0,0.0,0.0,0.0,0,0,0.4,0.0,0.0,0.0,0,38000
cf1_sim,23.059999999999597,0.0,0.0,0.4,0.0,0.0,0.0,0.0,0,0,0.4,0.0,0.0,0.0,0,38000
cf1_sim,23.079999999999597,0.0,0.0,0.4,0.0,0.0,0.0,0.0,0,0,0.4,0.0,0.0,0.0,0,38000
cf1_sim,23.099999999999596,0.0,0.0,0.4,0.0,0.0,0.0,0.0,0,0,0.4,0.0,0.0,0.0,0,38000
cf1_sim,23.119999999999596,0.0,0.0,0.4,0.0,0.0,0.0,0.0,0,0,0.4,0.0,0.0,0.0,0,38000
cf1_sim,23.139999999999596,0.0,0.0,0.4,0.0,0.0,0.0,0.0,0,0,0.4,0.0,0.0,0.0,0,38000
cf1_sim,23.159999999999595,0.0,0.0,0.4,0.0,0.0,0.0,0.0,0,0,0.4,0.0,0.0,0.0,0,38000
cf1_sim,23.179999999999595,0.0,0.0,0.4,0.0,0.0,0.0,0.0,0,0,0.4,0.0,0.0,0.0,0,38000
cf1_sim,23.199999999999594,0.0,0.0,0.4,0.0,0.0,0.0,0.0,0,0,0.4,0.0,0.0,0.0,0,38000
cf1_sim,23.219999999999594,0.0,0.0,0.4,0.0,0.0,0.0,0.0,0,0,0.4,0.0,0.0,0.0,0,38000
cf1_sim,23.239999999999593,0.0,0.0,0.4,0.0,0.0,0.0,0.0,0,0,0.4,0.0,0.0,0.0,0,38000
cf1_sim,23.259999999999593,0.0,0.0,0.4,0.0,0.0,0.0,0.0,0,0,0.4,0.0,0.0,0.0,0,38000
cf1_sim,23.279999999999593,0.0,0.0,0.4,0.0,0.0,0.0,0.0,0,0,0.4,0.0,0.0,0.0,0,38000
cf1_sim,23.299999999999592,0.0,0.0,0.4,0.0,0.0,0.0,0.0,0,0,0.4,0.0,0.0,0.0,0,38000
cf1_sim,23.31999999999959,0.0,0.0,0.4,0.0,0.0,0.0,0.0,0,0,0.4,0.0,0.0,0.0,0,38000
cf1_sim,23.33999999999959,0.0,0.0,0.4,0.0,0.0,0.0,0.0,0,0,0.4,0.0,0.0,0.0,0,38000
cf1_sim,23.35999999999959,0.0,0.0,0.4,0.0,0.0,0.0,0.0,0,0,0.4,0.0,0.0,0.0,0,38000
cf1_sim,23.37999999999959,0.0,0.0,0.4,0.0,0.0,0.0,0.0,0,0,0.4,0.0,0.0,0.0,0,38000
cf1_sim,23.39999999999959,0.0,0.0,0.4,0.0,0.0,0.0,0.0,0,0,0.4,0.0,0.0,0.0,0,38000
cf1_sim,23.41999999999959,0.0,0.0,0.4,0.0,0.0,0.0,0.0,0,0,0.4,0.0,0.0,0.0,0,38000
cf1_sim,23.43999999999959,0.0,0.0,0.4,0.0,0.0,0.0,0.0,0,0,0.4,0.0,0.0,0.0,0,38000
cf1_sim,23.45999999999959,0.0,0.0,0.4,0.0,0.0,0.0,0.0,0,0,0.4,0.0,0.0,0.0,0,38000
cf1_sim,23.47999999999959,0.0,0.0,0.4,0.0,0.0,0.0,0.0,0,0,0.4,0.0,0.0,0.0,0,38000
cf1_sim,23.499999999999588,0.0,0.0,0.4,0.0,0.0,0.0,0.0,0,0,0.4,0.0,0.0,0.0,0,38000
cf1_sim,23.519999999999587,0.0,0.0,0.4,0.0,0.0,0.0,0.0,0,0,0.4,0.0,0.0,0.0,0,38000
cf1_sim,23.539999999999587,0.0,0.0,0.4,0.0,0.0,0.0,0.0,1,1,0.4,-9.99999999999999,0.0,0.0,100,38000
cf1_sim,23.559999999999587,0.0,0.0,0.4,-1.9999999999999774,0.0,0.0,0.0,1,1,0.4,-9.99999999999999,0.0,0.0,80,38000
cf1_sim,23.579999999999586,0.0,0.0,0.4,-3.5999999999999797,0.0,0.0,0.0,1,1,0.4,-9.99999999999999,0.0,0.0,64,38000
cf1_sim,23.599999999999586,0.0,0.0,0.4,-4.880000000000002,0.0,0.0,0.0,1,1,0.4,-9.99999999999999,0.0,0.0,51,38000
cf1_sim,23.619999999999585,0.0,0.0,0.4,-5.89999999999999,0.0,0.0,0.0,1,1,0.4,-9.99999999999999,0.0,0.0,41,38000
cf1_sim,23.639999999999585,0.0,0.0,0.4,-6.719999999999989,0.0,0.0,0.0,1,1,0.4,-9.99999999999999,0.0,0.0,33,38000
cf1_sim,23.659999999999584,0.0,0.0,0.4,-7.379999999999999,0.0,0.0,0.0,1,1,0.4,-9.99999999999999,0.0,0.0,26,38000
cf1_sim,23.679999999999584,0.0,0.0,0.4,-7.900000000000017,0.0,0.0,0.0,1,1,0.4,-9.99999999999999,0.0,0.0,21,38000
cf1_sim,23.699999999999584,0.0,0.0,0.4,-8.319999999999991,0.0,0.0,0.0,1,1,0.4,-9.99999999999999,0.0,0.0,17,38000
cf1_sim,23.719999999999583,0.0,0.0,0.4,-8.660000000000021,0.0,0.0,0.0,1,1,0.4,-9.99999999999999,0.0,0.0,13,38000
cf1_sim,23.739999999999583,0.0,0.0,0.4,-8.920000000000005,0.0,0.0,0.0,1,1,0.4,-9.99999999999999,0.0,0.0,11,38000
cf1_sim,23.759999999999582,0.0,0.0,0.4,-9.139999999999992,0.0,0.0,0.0,1,1,0.4,-9.99999999999999,0.0,0.0,9,38000
cf1_sim,23.779999999999582,0.0,0.0,0.4,-9.31999999999998,0.0,0.0,0.0,1,1,0.4,-9.99999999999999,0.0,0.0,7,38000
cf1_sim,23.79999999999958,0.0,0.0,0.4,-9.460000000000022,0.0,0.0,0.0,1,1,0.4,-9.99999999999999,0.0,0.0,5,38000
cf1_sim,23.81999999999958,0.0,0.0,0.4,-9.560000000000016,0.0,0.0,0.0,1,1,0.4,-9.99999999999999,0.0,0.0,4,38000
cf1_sim,23.83999999999958,0.0,0.0,0.4,-9.640000000000011,0.0,0.0,0.0,1,1,0.4,-9.99999999999999,0.0,0.0,4,38000
cf1_sim,23.85999999999958,0.0,0.0,0.4,-9.720000000000006,0.0,0.0,0.0,1,1,0.4,-9.99999999999999,0.0,0.0,3,38000
cf1_sim,23.87999999999958,0.0,0.0,0.4,-9.780000000000003,0.0,0.0,0.0,1,1,0.4,-9.99999999999999,0.0,0.0,2,38000
cf1_sim,23.89999999999958,0.0,0.0,0.4,-9.82,0.0,0.0,0.0,1,1,0.4,-9.99999999999999,0.0,0.0,2,38000
cf1_sim,23.91999999999958,0.0,0.0,0.4,-9.859999999999998,0.0,0.0,0.0,1,1,0.4,-9.99999999999999,0.0,0.0,1,38000
cf1_sim,23.93999999999958,0.0,0.0,0.4,-9.879999999999995,0.0,0.0,0.0,1,1,0.4,-9.99999999999999,0.0,0.0,1,38000
cf1_sim,23.959999999999578,0.0,0.0,0.4,-9.899999999999995,0.0,0.0,0.0,1,1,0.4,-9.99999999999999,0.0,0.0,1,38000
cf1_sim,23.979999999999578,0.0,0.0,0.4,-9.919999999999993,0.0,0.0,0.0,1,1,0.4,-9.99999999999999,0.0,0.0,1,38000
cf1_sim,23.999999999999577,0.0,0.0,0.4,-9.939999999999992,0.0,0.0,0.0,1,1,0.4,-9.99999999999999,0.0,0.0,1,38000
cf1_sim,24.019999999999577,0.0,0.0,0.4,-9.959999999999992,0.0,0.0,0.0,1,1,0.4,-9.99999999999999,0.0,0.0,0,38000
cf1_sim,24.039999999999576,0.0,0.0,0.4,-9.959999999999992,0.0,0.0,0.0,1,1,0.4,-9.99999999999999,0.0,0.0,0,38000
cf1_sim,24.059999999999576,0.0,0.0,0.4,-9.959999999999992,0.0,0.0,0.0,1,1,0.4,-9.99999999999999,0.0,0.0,0,38000
cf1_sim,24.079999999999576,0.0,0.0,0.4,-9.959999999999992,0.0,0.0,0.0,1,1,0.4,-9.99999999999999,0.0,0.0,0,38000
cf1_sim,24.099999999999575,0.0,0.0,0.4,-9.959999999999992,0.0,0.0,0.0,1,1,0.4,-9.99999999999999,0.0,0.0,0,38000
cf1_sim,24.119999999999575,0.0,0.0,0.4,-9.959999999999992,0.0,0.0,0.0,1,1,0.4,-9.99999999999999,0.0,0.0,0,38000
cf1_sim,24.139999999999574,0.0,0.0,0.4,-9.959999999999992,0.0,0.0,0.0,1,1,0.4,-9.99999999999999,0.0,0.0,0,38000
cf1_sim,24.159999999999574,0.0,0.0,0.4,-9.959999999999992,0.0,0.0,0.0,1,1,0.4,-9.99999999999999,0.0,0.0,0,38000
cf1_sim,24.179999999999573,0.0,0.0,0.4,-9.959999999999992,0.0,0.0,0.0,1,1,0.4,-9.99999999999999,0.0,0.0,0,38000
cf1_sim,24.199999999999573,0.0,0.0,0.4,-9.959999999999992,0.0,0.0,0.0,1,1,0.4,-9.99999999999999,0.0,0.0,0,38000
cf1_sim,24.219999999999573,0.0,0.0,0.4,-9.959999999999992,0.0,0.0,0.0,1,1,0.4,-9.99999999999999,0.0,0.0,0,38000
cf1_sim,24.239999999999572,0.0,0.0,0.4,-9.959999999999992,0.0,0.0,0.0,1,1,0.4,-9.99999999999999,0.0,0.0,0,38000
cf1_sim,24.25999999999957,0.0,0.0,0.4,-9.959999999999992,0.0,0.0,0.0,1,1,0.4,-9.99999999999999,0.0,0.0,0,38000
cf1_sim,24.27999999999957,0.0,0.0,0.4,-9.959999999999992,0.0,0.0,0.0,1,1,0.4,-9.99999999999999,0.0,0.0,0,38000
cf1_sim,24.29999999999957,0.0,0.0,0.4,-9.959999999999992,0.0,0.0,0.0,1,1,0.4,-9.99999999999999,0.0,0.0,0,38000
cf1_sim,24.31999999999957,0.0,0.0,0.4,-9.959999999999992,0.0,0.0,0.0,1,1,0.4,-9.99999999999999,0.0,0.0,0,38000
cf1_sim,24.33999999999957,0.0,0.0,0.4,-9.959999999999992,0.0,0.0,0.0,1,1,0.4,-9.99999999999999,0.0,0.0,0,38000
cf1_sim,24.35999999999957,0.0,0.0,0.4,-9.959999999999992,0.0,0.0,0.0,1,1,0.4,-9.99999999999999,0.0,0.0,0,38000
cf1_sim,24.37999999999957,0.0,0.0,0.4,-9.959999999999992,0.0,0.0,0.0,1,1,0.4,-9.99999999999999,0.0,0.0,0,38000
cf1_sim,24.39999999999957,0.0,0.0,0.4,-9.959999999999992,0.0,0.0,0.0,1,1,0.4,-9.99999999999999,0.0,0.0,0,38000
cf1_sim,24.41999999999957,0.0,0.0,0.4,-9.959999999999992,0.0,0.0,0.0,1,1,0.4,-9.99999999999999,0.0,0.0,0,38000
cf1_sim,24.439999999999568,0.0,0.0,0.4,-9.959999999999992,0.0,0.0,0.0,1,1,0.4,-9.99999999999999,0.0,0.0,0,38000
cf1_sim,24.459999999999567,0.0,0.0,0.4,-9.959999999999992,0.0,0.0,0.0,1,1,0.4,-9.99999999999999,0.0,0.0,0,38000
cf1_sim,24.479999999999567,0.0,0.0,0.4,-9.959999999999992,0.0,0.0,0.0,1,1,0.4,-9.99999999999999,0.0,0.0,0,38000
cf1_sim,24.499999999999567,0.0,0.0,0.4,-9.959999999999992,0.0,0.0,0.0,1,1,0.4,-9.99999999999999,0.0,0.0,0,38000
cf1_sim,24.519999999999566,0.0,0.0,0.4,-9.959999999999992,0.0,0.0,0.0,1,1,0.4,-9.99999999999999,0.0,0.0,0,38000
cf1_sim,24.539999999999566,0.0,0.0,0.4,-9.959999999999992,0.0,0.0,0.0,1,1,0.4,-9.99999999999999,0.0,0.0,0,38000
cf1_sim,24.559999999999565,0.0,0.0,0.4,-9.959999999999992,0.0,0.0,0.0,1,1,0.4,-9.99999999999999,0.0,0.0,0,38000
cf1_sim,24.579999999999565,0.0,0.0,0.4,-9.959999999999992,0.0,0.0,0.0,1,1,0.4,-9.99999999999999,0.0,0.0,0,38000
cf1_sim,24.599999999999564,0.0,0.0,0.4,-9.959999999999992,0.0,0.0,0.0,1,1,0.4,-9.99999999999999,0.0,0.0,0,38000
cf1_sim,24.619999999999564,0.0,0.0,0.4,-9.959999999999992,0.0,0.0,0.0,1,1,0.4,-9.99999999999999,0.0,0.0,0,38000
cf1_sim,24.639999999999564,0.0,0.0,0.4,-9.959999999999992,0.0,0.0,0.0,1,1,0.4,-9.99999999999999,0.0,0.0,0,38000
cf1_sim,24.659999999999563,0.0,0.0,0.4,-9.959999999999992,0.0,0.0,0.0,1,1,0.4,-9.99999999999999,0.0,0.0,0,38000
cf1_sim,24.679999999999563,0.0,0.0,0.4,-9.959999999999992,0.0,0.0,0.0,1,1,0.4,0.0,0.0,0.0,-100,38000
cf1_sim,24.699999999999562,0.0,0.0,0.4,-7.960000000000014,0.0,0.0,0.0,1,1,0.4,0.0,0.0,0.0,-80,38000
cf1_sim,24.719999999999562,0.0,0.0,0.4,-6.360000000000012,0.0,0.0,0.0,1,1,0.4,0.0,0.0,0.0,-64,38000
cf1_sim,24.73999999999956,0.0,0.0,0.4,-5.079999999999989,0.0,0.0,0.0,1,1,0.4,0.0,0.0,0.0,-51,38000
cf1_sim,24.75999999999956,0.0,0.0,0.4,-4.060000000000002,0.0,0.0,0.0,1,1,0.4,0.0,0.0,0.0,-41,38000
cf1_sim,24.77999999999956,0.0,0.0,0.4,-3.240000000000002,0.0,0.0,0.0,1,1,0.4,0.0,0.0,0.0,-32,38000
cf1_sim,24.79999999999956,0.0,0.0,0.4,-2.5999999999999908,0.0,0.0,0.0,1,1,0.4,0.0,0.0,0.0,-26,38000
cf1_sim,24.81999999999956,0.0,0.0,0.4,-2.0799999999999725,0.0,0.0,0.0,1,1,0.4,0.0,0.0,0.0,-21,38000
cf1_sim,24.83999999999956,0.0,0.0,0.4,-1.6599999999999986,0.0,0.0,0.0,1,1,0.4,0.0,0.0,0.0,-17,38000
cf1_sim,24.85999999999956,0.0,0.0,0.4,-1.3200000000000196,0.0,0.0,0.0,1,1,0.4,0.0,0.0,0.0,-13,38000
cf1_sim,24.87999999999956,0.0,0.0,0.4,-1.059999999999985,0.0,0.0,0.0,1,1,0.4,0.0,0.0,0.0,-11,38000
cf1_sim,24.899999999999558,0.0,0.0,0.4,-0.8399999999999986,0.0,0.0,0.0,1,1,0.4,0.0,0.0,0.0,-8,38000
cf1_sim,24.919999999999558,0.0,0.0,0.4,-0.6800000000000086,0.0,0.0,0.0,1,1,0.4,0.0,0.0,0.0,-7,38000
cf1_sim,24.939999999999557,0.0,0.0,0.4,-0.5400000000000174,0.0,0.0,0.0,1,1,0.4,0.0,0.0,0.0,-5,38000
cf1_sim,24.959999999999557,0.0,0.0,0.4,-0.43999999999997264,0.0,0.0,0.0,1,1,0.4,0.0,0.0,0.0,-4,38000
cf1_sim,24.979999999999556,0.0,0.0,0.4,-0.3599999999999776,0.0,0.0,0.0,1,1,0.4,0.0,0.0,0.0,-4,38000
cf1_sim,24.999999999999556,0.0,0.0,0.4,-0.2799999999999826,0.0,0.0,0.0,1,1,0.4,0.0,0.0,0.0,-3,38000
cf1_sim,25.019999999999555,0.0,0.0,0.4,-0.21999999999998632,0.0,0.0,0.0,1,1,0.4,0.0,0.0,0.0,-2,38000
cf1_sim,25.039999999999555,0.0,0.0,0.4,-0.1799999999999888,0.0,0.0,0.0,1,1,0.4,0.0,0.0,0.0,-2,38000
cf1_sim,25.059999999999555,0.0,0.0,0.4,-0.1399999999999913,0.0,0.0,0.0,1,1,0.4,0.0,0.0,0.0,-1,38000
cf1_sim,25.079999999999554,0.0,0.0,0.4,-0.11999999999999254,0.0,0.0,0.0,1,1,0.4,0.0,0.0,0.0,-1,38000
cf1_sim,25.099999999999554,0.0,0.0,0.4,-0.09999999999999377,0.0,0.0,0.0,1,1,0.4,0.0,0.0,0.0,-1,38000
cf1_sim,25.119999999999553,0.0,0.0,0.4,-0.07999999999999502,0.0,0.0,0.0,1,1,0.4,0.0,0.0,0.0,-1,38000
cf1_sim,25.139999999999553,0.0,0.0,0.4,-0.05999999999999627,0.0,0.0,0.0,1,1,0.4,0.0,0.0,0.0,-1,38000
cf1_sim,25.159999999999553,0.0,0.0,0.4,-0.03999999999999751,0.0,0.0,0.0,1,1,0.4,0.0,0.0,0.0,0,38000
cf1_sim,25.179999999999552,0.0,0.0,0.4,-0.03999999999999751,0.0,0.0,0.0,1,1,0.4,0.0,0.0,0.0,0,38000
cf1_sim,25.19999999999955,0.0,0.0,0.4,-0.03999999999999751,0.0,0.0,0.0,1,1,0.4,0.0,0.0,0.0,0,38000
cf1_sim,25.21999999999955,0.0,0.0,0.4,-0.03999999999999751,0.0,0.0,0.0,1,1,0.4,0.0,0.0,0.0,0,38000
cf1_sim,25.23999999999955,0.0,0.0,0.4,-0.03999999999999751,0.0,0.0,0.0,1,1,0.4,0.0,0.0,0.0,0,38000
cf1_sim,25.25999999999955,0.0,0.0,0.4,-0.03999999999999751,0.0,0.0,0.0,1,1,0.4,0.0,0.0,0.0,0,38000
cf1_sim,25.27999999999955,0.0,0.0,0.4,-0.03999999999999751,0.0,0.0,0.0,1,1,0.4,0.0,0.0,0.0,0,38000
cf1_sim,25.29999999999955,0.0,0.0,0.4,-0.03999999999999751,0.0,0.0,0.0,1,1,0.4,0.0,0.0,0.0,0,38000
cf1_sim,25.31999999999955,0.0,0.0,0.4,-0.03999999999999751,0.0,0.0,0.0,1,1,0.4,0.0,0.0,0.0,0,38000
cf1_sim,25.33999999999955,0.0,0.0,0.4,-0.03999999999999751,0.0,0.0,0.0,1,1,0.4,0.0,0.0,0.0,0,38000
cf1_sim,25.35999999999955,0.0,0.0,0.4,-0.03999999999999751,0.0,0.0,0.0,1,1,0.4,10.0,0.0,0.0,-100,38000
cf1_sim,25.379999999999548,0.0,0.0,0.4,1.9600000000000035,0.0,0.0,0.0,1,1,0.4,10.0,0.0,0.0,-80,38000
cf1_sim,25.399999999999547,0.0,0.0,0.4,3.5600000000000036,0.0,0.0,0.0,1,1,0.4,10.0,0.0,0.0,-64,38000
cf1_sim,25.419999999999547,0.0,0.0,0.4,4.840000000000003,0.0,0.0,0.0,1,1,0.4,10.0,0.0,0.0,-52,38000
cf1_sim,25.439999999999547,0.0,0.0,0.4,5.880000000000003,0.0,0.0,0.0,1,1,0.4,10.0,0.0,0.0,-41,38000
cf1_sim,25.459999999999546,0.0,0.0,0.4,6.700000000000004,0.0,0.0,0.0,1,1,0.4,10.0,0.0,0.0,-33,38000
cf1_sim,25.479999999999546,0.0,0.0,0.4,7.360000000000004,0.0,0.0,0.0,1,1,0.4,10.0,0.0,0.0,-26,38000
cf1_sim,25.499999999999545,0.0,0.0,0.4,7.880000000000004,0.0,0.0,0.0,1,1,0.4,20.0,0.0,0.0,-121,38000
cf1_sim,25.519999999999545,0.0,0.0,0.4,10.300000000000004,0.0,0.0,0.0,1,1,0.4,20.0,0.0,0.0,-97,38000
cf1_sim,25.539999999999544,0.0,0.0,0.4,12.240000000000004,0.0,0.0,0.0,1,1,0.4,20.0,0.0,0.0,-78,38000
cf1_sim,25.559999999999544,0.0,0.0,0.4,13.800000000000004,0.0,0.0,0.0,1,1,0.4,20.0,0.0,0.0,-62,38000
cf1_sim,25.579999999999544,0.0,0.0,0.4,15.040000000000006,0.0,0.0,0.0,1,1,0.4,20.0,0.0,0.0,-50,38000
cf1_sim,25.599999999999543,0.0,0.0,0.4,16.040000000000006,0.0,0.0,0.0,1,1,0.4,20.0,0.0,0.0,-40,38000
cf1_sim,25.619999999999543,0.0,0.0,0.4,16.840000000000003,0.0,0.0,0.0,1,1,0.4,20.0,0.0,0.0,-32,38000
cf1_sim,25.639999999999542,0.0,0.0,0.4,17.480000000000008,0.0,0.0,0.0,1,1,0.4,20.0,0.0,0.0,-25,38000
cf1_sim,25.659999999999542,0.0,0.0,0.4,17.980000000000008,0.0,0.0,0.0,1,1,0.4,20.0,0.0,0.0,-20,38000
cf1_sim,25.67999999999954,0.0,0.0,0.4,18.380000000000006,0.0,0.0,0.0,1,1,0.4,20.0,0.0,0.0,-16,38000
cf1_sim,25.69999999999954,0.0,0.0,0.4,18.700000000000006,0.0,0.0,0.0,1,1,0.4,20.0,0.0,0.0,-13,38000
cf1_sim,25.71999999999954,0.0,0.0,0.4,18.960000000000008,0.0,0.0,0.0,1,1,0.4,20.0,0.0,0.0,-10,38000
cf1_sim,25.73999999999954,0.0,0.0,0.4,19.160000000000007,0.0,0.0,0.0,1,1,0.4,20.0,0.0,0.0,-8,38000
cf1_sim,25.75999999999954,0.0,0.0,0.4,19.320000000000007,0.0,0.0,0.0,1,1,0.4,20.0,0.0,0.0,-7,38000
cf1_sim,25.77999999999954,0.0,0.0,0.4,19.460000000000008,0.0,0.0,0.0,1,1,0.4,20.0,0.0,0.0,-5,38000
cf1_sim,25.79999999999954,0.0,0.0,0.4,19.560000000000006,0.0,0.0,0.0,1,1,0.4,20.0,0.0,0.0,-4,38000
cf1_sim,25.81999999999954,0.0,0.0,0.4,19.640000000000008,0.0,0.0,0.0,1,1,0.4,20.0,0.0,0.0,-4,38000
cf1_sim,25.839999999999538,0.0,0.0,0.4,19.72000000000001,0.0,0.0,0.0,1,1,0.4,20.0,0.0,0.0,-3,38000
cf1_sim,25.859999999999538,0.0,0.0,0.4,19.780000000000005,0.0,0.0,0.0,1,1,0.4,20.0,0.0,0.0,-2,38000
cf1_sim,25.879999999999537,0.0,0.0,0.4,19.820000000000004,0.0,0.0,0.0,1,1,0.4,20.0,0.0,0.0,-2,38000
cf1_sim,25.899999999999537,0.0,0.0,0.4,19.860000000000003,0.0,0.0,0.0,1,1,0.4,20.0,0.0,0.0,-1,38000
cf1_sim,25.919999999999536,0.0,0.0,0.4,19.880000000000003,0.0,0.0,0.0,1,1,0.4,20.0,0.0,0.0,-1,38000
cf1_sim,25.939999999999536,0.0,0.0,0.4,19.900000000000002,0.0,0.0,0.0,1,1,0.4,20.0,0.0,0.0,-1,38000
cf1_sim,25.959999999999535,0.0,0.0,0.4,19.92,0.0,0.0,0.0,1,1,0.4,20.0,0.0,0.0,-1,38000
cf1_sim,25.979999999999535,0.0,0.0,0.4,19.939999999999998,0.0,0.0,0.0,1,1,0.4,20.0,0.0,0.0,-1,38000
cf1_sim,25.999999999999535,0.0,0.0,0.4,19.959999999999997,0.0,0.0,0.0,1,1,0.4,20.0,0.0,0.0,0,38000
cf1_sim,26.019999999999534,0.0,0.0,0.4,19.959999999999997,0.0,0.0,0.0,1,1,0.4,20.0,0.0,0.0,0,38000
cf1_sim,26.039999999999534,0.0,0.0,0.4,19.959999999999997,0.0,0.0,0.0,1,1,0.4,20.0,0.0,0.0,0,38000
cf1_sim,26.059999999999533,0.0,0.0,0.4,19.959999999999997,0.0,0.0,0.0,1,1,0.4,29.999999999999996,0.0,0.0,-100,38000
cf1_sim,26.079999999999533,0.0,0.0,0.4,21.96,0.0,0.0,0.0,1,1,0.4,29.999999999999996,0.0,0.0,-80,38000
cf1_sim,26.099999999999532,0.0,0.0,0.4,23.56,0.0,0.0,0.0,1,1,0.4,29.999999999999996,0.0,0.0,-64,38000
cf1_sim,26.119999999999532,0.0,0.0,0.4,24.840000000000003,0.0,0.0,0.0,1,1,0.4,29.999999999999996,0.0,0.0,-52,38000
cf1_sim,26.13999999999953,0.0,0.0,0.4,25.88,0.0,0.0,0.0,1,1,0.4,29.999999999999996,0.0,0.0,-41,38000
cf1_sim,26.15999999999953,0.0,0.0,0.4,26.700000000000003,0.0,0.0,0.0,1,1,0.4,29.999999999999996,0.0,0.0,-33,38000
cf1_sim,26.17999999999953,0.0,0.0,0.4,27.360000000000003,0.0,0.0,0.0,1,1,0.4,29.999999999999996,0.0,0.0,-26,38000
cf1_sim,26.19999999999953,0.0,0.0,0.4,27.880000000000003,0.0,0.0,0.0,1,1,0.4,29.999999999999996,0.0,0.0,-21,38000
cf1_sim,26.21999999999953,0.0,0.0,0.4,28.300000000000008,0.0,0.0,0.0,1,1,0.4,29.999999999999996,0.0,0.0,-17,38000
cf1_sim,26.23999999999953,0.0,0.0,0.4,28.640000000000004,0.0,0.0,0.0,1,1,0.4,29.999999999999996,0.0,0.0,-14,38000
cf1_sim,26.25999999999953,0.0,0.0,0.4,28.920000000000005,0.0,0.0,0.0,1,1,0.4,29.999999999999996,0.0,0.0,-11,38000
cf1_sim,26.27999999999953,0.0,0.0,0.4,29.140000000000008,0.0,0.0,0.0,1,1,0.4,29.999999999999996,0.0,0.0,-9,38000
cf1_sim,26.299999999999528,0.0,0.0,0.4,29.320000000000004,0.0,0.0,0.0,1,1,0.4,29.999999999999996,0.0,0.0,-7,38000
cf1_sim,26.319999999999528,0.0,0.0,0.4,29.460000000000008,0.0,0.0,0.0,1,1,0.4,29.999999999999996,0.0,0.0,-5,38000
cf1_sim,26.339999999999527,0.0,0.0,0.4,29.560000000000006,0.0,0.0,0.0,1,1,0.4,29.999999999999996,0.0,0.0,-4,38000
cf1_sim,26.359999999999527,0.0,0.0,0.4,29.64,0.0,0.0,0.0,1,1,0.4,29.999999999999996,0.0,0.0,-4,38000
cf1_sim,26.379999999999526,0.0,0.0,0.4,29.720000000000002,0.0,0.0,0.0,1,1,0.4,29.999999999999996,0.0,0.0,-3,38000
cf1_sim,26.399999999999526,0.0,0.0,0.4,29.78,0.0,0.0,0.0,1,1,0.4,29.999999999999996,0.0,0.0,-2,38000
cf1_sim,26.419999999999526,0.0,0.0,0.4,29.820000000000004,0.0,0.0,0.0,1,1,0.4,29.999999999999996,0.0,0.0,-2,38000
cf1_sim,26.439999999999525,0.0,0.0,0.4,29.86,0.0,0.0,0.0,1,1,0.4,29.999999999999996,0.0,0.0,-1,38000
cf1_sim,26.459999999999525,0.0,0.0,0.4,29.88,0.0,0.0,0.0,1,1,0.4,29.999999999999996,0.0,0.0,-1,38000
cf1_sim,26.479999999999524,0.0,0.0,0.4,29.9,0.0,0.0,0.0,1,1,0.4,29.999999999999996,0.0,0.0,-1,38000
cf1_sim,26.499999999999524,0.0,0.0,0.4,29.919999999999998,0.0,0.0,0.0,1,1,0.4,40.0,0.0,0.0,-101,38000
cf1_sim,26.519999999999524,0.0,0.0,0.4,31.939999999999998,0.0,0.0,0.0,1,1,0.4,40.0,0.0,0.0,-81,38000
cf1_sim,26.539999999999523,0.0,0.0,0.4,33.559999999999995,0.0,0.0,0.0,1,1,0.4,40.0,0.0,0.0,-64,38000
cf1_sim,26.559999999999523,0.0,0.0,0.4,34.839999999999996,0.0,0.0,0.0,1,1,0.4,40.0,0.0,0.0,-52,38000
cf1_sim,26.579999999999522,0.0,0.0,0.4,35.879999999999995,0.0,0.0,0.0,1,1,0.4,40.0,0.0,0.0,-41,38000
cf1_sim,26.599999999999522,0.0,0.0,0.4,36.699999999999996,0.0,0.0,0.0,1,1,0.4,40.0,0.0,0.0,-33,38000
cf1_sim,26.61999999999952,0.0,0.0,0.4,37.35999999999999,0.0,0.0,0.0,1,1,0.4,40.0,0.0,0.0,-26,38000
cf1_sim,26.63999999999952,0.0,0.0,0.4,37.879999999999995,0.0,0.0,0.0,1,1,0.4,40.0,0.0,0.0,-21,38000
cf1_sim,26.65999999999952,0.0,0.0,0.4,38.3,0.0,0.0,0.0,1,1,0.4,40.0,0.0,0.0,-17,38000
cf1_sim,26.67999999999952,0.0,0.0,0.4,38.64,0.0,0.0,0.0,1,1,0.4,40.0,0.0,0.0,-14,38000
cf1_sim,26.69999999999952,0.0,0.0,0.4,38.92,0.0,0.0,0.0,1,1,0.4,40.0,0.0,0.0,-11,38000
cf1_sim,26.71999999999952,0.0,0.0,0.4,39.14,0.0,0.0,0.0,1,1,0.4,40.0,0.0,0.0,-9,38000
cf1_sim,26.73999999999952,0.0,0.0,0.4,39.32,0.0,0.0,0.0,1,1,0.4,50.0,0.0,0.0,-107,38000
cf1_sim,26.75999999999952,0.0,0.0,0.4,41.46,0.0,0.0,0.0,1,1,0.4,50.0,0.0,0.0,-85,38000
cf1_sim,26.779999999999518,0.0,0.0,0.4,43.160000000000004,0.0,0.0,0.0,1,1,0.4,50.0,0.0,0.0,-68,38000
cf1_sim,26.799999999999518,0.0,0.0,0.4,44.52,0.0,0.0,0.0,1,1,0.4,50.0,0.0,0.0,-55,38000
cf1_sim,26.819999999999517,0.0,0.0,0.4,45.620000000000005,0.0,0.0,0.0,1,1,0.4,50.0,0.0,0.0,-44,38000
cf1_sim,26.839999999999517,0.0,0.0,0.4,46.50000000000001,0.0,0.0,0.0,1,1,0.4,50.0,0.0,0.0,-35,38000
cf1_sim,26.859999999999516,0.0,0.0,0.4,47.20000000000002,0.0,0.0,0.0,1,1,0.4,50.0,0.0,0.0,-28,38000
cf1_sim,26.879999999999516,0.0,0.0,0.4,47.76000000000001,0.0,0.0,0.0,1,1,0.4,50.0,0.0,0.0,-22,38000
cf1_sim,26.899999999999515,0.0,0.0,0.4,48.20000000000001,0.0,0.0,0.0,1,1,0.4,50.0,0.0,0.0,-18,38000
cf1_sim,26.919999999999515,0.0,0.0,0.4,48.56000000000001,0.0,0.0,0.0,1,1,0.4,50.0,0.0,0.0,-14,38000
cf1_sim,26.939999999999515,0.0,0.0,0.4,48.84,0.0,0.0,0.0,1,1,0.4,50.0,0.0,0.0,-12,38000
cf1_sim,26.959999999999514,0.0,0.0,0.4,49.08000000000001,0.0,0.0,0.0,1,1,0.4,59.99999999999999,0.0,0.0,-109,38000
cf1_sim,26.979999999999514,0.0,0.0,0.4,51.26000000000001,0.0,0.0,0.0,1,1,0.4,59.99999999999999,0.0,0.0,-87,38000
cf1_sim,26.999999999999513,0.0,0.0,0.4,53.00000000000001,0.0,0.0,0.0,1,1,0.4,59.99999999999999,0.0,0.0,-70,38000
cf1_sim,27.019999999999513,0.0,0.0,0.4,54.400000000000006,0.0,0.0,0.0,1,1,0.4,59.99999999999999,0.0,0.0,-56,38000
cf1_sim,27.039999999999512,0.0,0.0,0.4,55.52000000000001,0.0,0.0,0.0,1,1,0.4,59.99999999999999,0.0,0.0,-45,38000
cf1_sim,27.059999999999512,0.0,0.0,0.4,56.42000000000001,0.0,0.0,0.0,1,1,0.4,59.99999999999999,0.0,0.0,-36,38000
cf1_sim,27.07999999999951,0.0,0.0,0.4,57.14,0.0,0.0,0.0,1,1,0.4,59.99999999999999,0.0,0.0,-29,38000
cf1_sim,27.09999999999951,0.0,0.0,0.4,57.720000000000006,0.0,0.0,0.0,1,1,0.4,59.99999999999999,0.0,0.0,-23,38000
cf1_sim,27.11999999999951,0.0,0.0,0.4,58.180000000000014,0.0,0.0,0.0,1,1,0.4,59.99999999999999,0.0,0.0,-18,38000
cf1_sim,27.13999999999951,0.0,0.0,0.4,58.53999999999999,0.0,0.0,0.0,1,1,0.4,59.99999999999999,0.0,0.0,-15,38000
cf1_sim,27.15999999999951,0.0,0.0,0.4,58.84000000000001,0.0,0.0,0.0,1,1,0.4,59.99999999999999,0.0,0.0,-12,38000
cf1_sim,27.17999999999951,0.0,0.0,0.4,59.080000000000005,0.0,0.0,0.0,1,1,0.4,59.99999999999999,0.0,0.0,-9,38000
cf1_sim,27.19999999999951,0.0,0.0,0.4,59.260000000000005,0.0,0.0,0.0,1,1,0.4,59.99999999999999,0.0,0.0,-7,38000
cf1_sim,27.21999999999951,0.0,0.0,0.4,59.40000000000001,0.0,0.0,0.0,1,1,0.4,59.99999999999999,0.0,0.0,-6,38000
cf1_sim,27.239999999999508,0.0,0.0,0.4,59.52000000000002,0.0,0.0,0.0,1,1,0.4,59.99999999999999,0.0,0.0,-5,38000
cf1_sim,27.259999999999508,0.0,0.0,0.4,59.620000000000005,0.0,0.0,0.0,1,1,0.4,59.99999999999999,0.0,0.0,-4,38000
cf1_sim,27.279999999999507,0.0,0.0,0.4,59.699999999999996,0.0,0.0,0.0,1,1,0.4,70.0,0.0,0.0,-103,38000
cf1_sim,27.299999999999507,0.0,0.0,0.4,61.760000000000005,0.0,0.0,0.0,1,1,0.4,70.0,0.0,0.0,-82,38000
cf1_sim,27.319999999999506,0.0,0.0,0.4,63.4,0.0,0.0,0.0,1,1,0.4,70.0,0.0,0.0,-66,38000
cf1_sim,27.339999999999506,0.0,0.0,0.4,64.71999999999998,0.0,0.0,0.0,1,1,0.4,70.0,0.0,0.0,-53,38000
cf1_sim,27.359999999999506,0.0,0.0,0.4,65.78000000000002,0.0,0.0,0.0,1,1,0.4,70.0,0.0,0.0,-42,38000
cf1_sim,27.379999999999505,0.0,0.0,0.4,66.62,0.0,0.0,0.0,1,1,0.4,70.0,0.0,0.0,-34,38000
cf1_sim,27.399999999999505,0.0,0.0,0.4,67.30000000000001,0.0,0.0,0.0,1,1,0.4,70.0,0.0,0.0,-27,38000
cf1_sim,27.419999999999504,0.0,0.0,0.4,67.84000000000002,0.0,0.0,0.0,1,1,0.4,70.0,0.0,0.0,-22,38000
cf1_sim,27.439999999999504,0.0,0.0,0.4,68.28000000000002,0.0,0.0,0.0,1,1,0.4,70.0,0.0,0.0,-17,38000
cf1_sim,27.459999999999503,0.0,0.0,0.4,68.62000000000002,0.0,0.0,0.0,1,1,0.4,70.0,0.0,0.0,-14,38000
cf1_sim,27.479999999999503,0.0,0.0,0.4,68.90000000000002,0.0,0.0,0.0,1,1,0.4,70.0,0.0,0.0,-11,38000
cf1_sim,27.499999999999503,0.0,0.0,0.4,69.12000000000002,0.0,0.0,0.0,1,1,0.4,70.0,0.0,0.0,-9,38000
cf1_sim,27.519999999999502,0.0,0.0,0.4,69.30000000000003,0.0,0.0,0.0,1,1,0.4,70.0,0.0,0.0,-7,38000
cf1_sim,27.5399999999995,0.0,0.0,0.4,69.44000000000003,0.0,0.0,0.0,1,1,0.4,70.0,0.0,0.0,-6,38000
cf1_sim,27.5599999999995,0.0,0.0,0.4,69.56000000000002,0.0,0.0,0.0,1,1,0.4,70.0,0.0,0.0,-4,38000
cf1_sim,27.5799999999995,0.0,0.0,0.4,69.64000000000001,0.0,0.0,0.0,1,1,0.4,70.0,0.0,0.0,-4,38000
cf1_sim,27.5999999999995,0.0,0.0,0.4,69.72000000000003,0.0,0.0,0.0,1,1,0.4,70.0,0.0,0.0,-3,38000
cf1_sim,27.6199999999995,0.0,0.0,0.4,69.78000000000003,0.0,0.0,0.0,1,1,0.4,70.0,0.0,0.0,-2,38000
cf1_sim,27.6399999999995,0.0,0.0,0.4,69.82000000000004,0.0,0.0,0.0,1,1,0.4,80.0,0.0,0.0,-102,38000
cf1_sim,27.6599999999995,0.0,0.0,0.4,71.86000000000004,0.0,0.0,0.0,1,1,0.4,80.0,0.0,0.0,-81,38000
cf1_sim,27.6799999999995,0.0,0.0,0.4,73.48000000000005,0.0,0.0,0.0,1,1,0.4,80.0,0.0,0.0,-65,38000
cf1_sim,27.6999999999995,0.0,0.0,0.4,74.78000000000004,0.0,0.0,0.0,1,1,0.4,80.0,0.0,0.0,-52,38000
cf1_sim,27.719999999999498,0.0,0.0,0.4,75.82000000000006,0.0,0.0,0.0,1,1,0.4,80.0,0.0,0.0,-42,38000
cf1_sim,27.739999999999498,0.0,0.0,0.4,76.66000000000005,0.0,0.0,0.0,1,1,0.4,80.0,0.0,0.0,-33,38000
cf1_sim,27.759999999999497,0.0,0.0,0.4,77.32000000000005,0.0,0.0,0.0,1,1,0.4,80.0,0.0,0.0,-27,38000
cf1_sim,27.779999999999497,0.0,0.0,0.4,77.86000000000006,0.0,0.0,0.0,1,1,0.4,90.0,0.0,0.0,-121,38000
cf1_sim,27.799999999999496,0.0,0.0,0.4,80.28000000000006,0.0,0.0,0.0,1,1,0.4,90.0,0.0,0.0,-97,38000
cf1_sim,27.819999999999496,0.0,0.0,0.4,82.22000000000006,0.0,0.0,0.0,1,1,0.4,90.0,0.0,0.0,-78,38000
cf1_sim,27.839999999999495,0.0,0.0,0.4,83.78000000000006,0.0,0.0,0.0,1,1,0.4,90.0,0.0,0.0,-62,38000
cf1_sim,27.859999999999495,0.0,0.0,0.4,85.02000000000005,0.0,0.0,0.0,1,1,0.4,90.0,0.0,0.0,-50,38000
cf1_sim,27.879999999999495,0.0,0.0,0.4,86.02000000000004,0.0,0.0,0.0,1,1,0.4,90.0,0.0,0.0,-40,38000
cf1_sim,27.899999999999494,0.0,0.0,0.4,86.82000000000005,0.0,0.0,0.0,1,1,0.4,90.0,0.0,0.0,-32,38000
cf1_sim,27.919999999999494,0.0,0.0,0.4,87.46000000000005,0.0,0.0,0.0,1,1,0.4,90.0,0.0,0.0,-25,38000
cf1_sim,27.939999999999493,0.0,0.0,0.4,87.96000000000004,0.0,0.0,0.0,1,1,0.4,90.0,0.0,0.0,-20,38000
cf1_sim,27.959999999999493,0.0,0.0,0.4,88.36000000000007,0.0,0.0,0.0,1,1,0.4,90.0,0.0,0.0,-16,38000
cf1_sim,27.979999999999492,0.0,0.0,0.4,88.68000000000005,0.0,0.0,0.0,1,1,0.4,90.0,0.0,0.0,-13,38000
cf1_sim,27.999999999999492,0.0,0.0,0.4,88.94000000000005,0.0,0.0,0.0,1,1,0.4,90.0,0.0,0.0,-11,38000
